split,image,conf,truth_boxes,pred_boxes,tp_iou50,fp_iou50,fn_iou50,duplicate_pred_pairs_iou50,max_pred_iou,max_conf
val,images/val/camera_crack_camera052.png,0.05,1,2,1,1,0,1,0.6902,0.7329
val,images/val/camera_crack_camera052.png,0.1,1,2,1,1,0,1,0.6902,0.7329
val,images/val/camera_crack_camera052.png,0.25,1,1,1,0,0,0,0.0,0.7329
val,images/val/camera_crack_camera052.png,0.5,1,1,1,0,0,0,0.0,0.7329
val,images/val/camera_crack_camera059.png,0.05,1,1,1,0,0,0,0.0,0.6623
val,images/val/camera_crack_camera059.png,0.1,1,1,1,0,0,0,0.0,0.6623
val,images/val/camera_crack_camera059.png,0.25,1,1,1,0,0,0,0.0,0.6623
val,images/val/camera_crack_camera059.png,0.5,1,1,1,0,0,0,0.0,0.6623
val,images/val/camera_crack_camera064.png,0.05,1,2,1,1,0,1,0.6726,0.924
val,images/val/camera_crack_camera064.png,0.1,1,2,1,1,0,1,0.6726,0.924
val,images/val/camera_crack_camera064.png,0.25,1,2,1,1,0,1,0.6726,0.924
val,images/val/camera_crack_camera064.png,0.5,1,2,1,1,0,1,0.6726,0.924
val,images/val/camera_crack_camera065.png,0.05,1,1,1,0,0,0,0.0,0.9372
val,images/val/camera_crack_camera065.png,0.1,1,1,1,0,0,0,0.0,0.9372
val,images/val/camera_crack_camera065.png,0.25,1,1,1,0,0,0,0.0,0.9372
val,images/val/camera_crack_camera065.png,0.5,1,1,1,0,0,0,0.0,0.9372
val,images/val/camera_crack_camera076.png,0.05,1,4,1,3,0,1,0.5495,0.7806
val,images/val/camera_crack_camera076.png,0.1,1,4,1,3,0,1,0.5495,0.7806
val,images/val/camera_crack_camera076.png,0.25,1,3,1,2,0,0,0.4241,0.7806
val,images/val/camera_crack_camera076.png,0.5,1,1,0,1,1,0,0.0,0.7806
val,images/val/camera_crack_camera095.png,0.05,1,2,1,1,0,0,0.414,0.3619
val,images/val/camera_crack_camera095.png,0.1,1,2,1,1,0,0,0.414,0.3619
val,images/val/camera_crack_camera095.png,0.25,1,1,1,0,0,0,0.0,0.3619
val,images/val/camera_crack_camera095.png,0.5,1,0,0,0,1,0,0.0,0.0
val,images/val/camera_crack_camera109.png,0.05,1,3,1,2,0,2,0.6152,0.9286
val,images/val/camera_crack_camera109.png,0.1,1,1,1,0,0,0,0.0,0.9286
val,images/val/camera_crack_camera109.png,0.25,1,1,1,0,0,0,0.0,0.9286
val,images/val/camera_crack_camera109.png,0.5,1,1,1,0,0,0,0.0,0.9286
val,images/val/camera_crack_camera119.png,0.05,1,2,1,1,0,1,0.5126,0.8658
val,images/val/camera_crack_camera119.png,0.1,1,2,1,1,0,1,0.5126,0.8658
val,images/val/camera_crack_camera119.png,0.25,1,1,1,0,0,0,0.0,0.8658
val,images/val/camera_crack_camera119.png,0.5,1,1,1,0,0,0,0.0,0.8658
val,images/val/camera_crack_camera126.png,0.05,1,1,0,1,1,0,0.0,0.8321
val,images/val/camera_crack_camera126.png,0.1,1,1,0,1,1,0,0.0,0.8321
val,images/val/camera_crack_camera126.png,0.25,1,1,0,1,1,0,0.0,0.8321
val,images/val/camera_crack_camera126.png,0.5,1,1,0,1,1,0,0.0,0.8321
val,images/val/camera_crack_camera135.png,0.05,1,1,1,0,0,0,0.0,0.8642
val,images/val/camera_crack_camera135.png,0.1,1,1,1,0,0,0,0.0,0.8642
val,images/val/camera_crack_camera135.png,0.25,1,1,1,0,0,0,0.0,0.8642
val,images/val/camera_crack_camera135.png,0.5,1,1,1,0,0,0,0.0,0.8642
val,images/val/camera_crack_camera139.png,0.05,1,1,1,0,0,0,0.0,0.847
val,images/val/camera_crack_camera139.png,0.1,1,1,1,0,0,0,0.0,0.847
val,images/val/camera_crack_camera139.png,0.25,1,1,1,0,0,0,0.0,0.847
val,images/val/camera_crack_camera139.png,0.5,1,1,1,0,0,0,0.0,0.847
val,images/val/camera_crack_camera146.png,0.05,1,1,1,0,0,0,0.0,0.906
val,images/val/camera_crack_camera146.png,0.1,1,1,1,0,0,0,0.0,0.906
val,images/val/camera_crack_camera146.png,0.25,1,1,1,0,0,0,0.0,0.906
val,images/val/camera_crack_camera146.png,0.5,1,1,1,0,0,0,0.0,0.906
val,images/val/camera_crack_camera161.png,0.05,1,2,1,1,0,0,0.2793,0.8585
val,images/val/camera_crack_camera161.png,0.1,1,2,1,1,0,0,0.2793,0.8585
val,images/val/camera_crack_camera161.png,0.25,1,2,1,1,0,0,0.2793,0.8585
val,images/val/camera_crack_camera161.png,0.5,1,1,0,1,1,0,0.0,0.8585
val,images/val/camera_crack_camera164.png,0.05,1,1,1,0,0,0,0.0,0.9091
val,images/val/camera_crack_camera164.png,0.1,1,1,1,0,0,0,0.0,0.9091
val,images/val/camera_crack_camera164.png,0.25,1,1,1,0,0,0,0.0,0.9091
val,images/val/camera_crack_camera164.png,0.5,1,1,1,0,0,0,0.0,0.9091
val,images/val/camera_crack_camera166.png,0.05,1,3,1,2,0,1,0.6804,0.6655
val,images/val/camera_crack_camera166.png,0.1,1,3,1,2,0,1,0.6804,0.6655
val,images/val/camera_crack_camera166.png,0.25,1,2,1,1,0,1,0.6804,0.6655
val,images/val/camera_crack_camera166.png,0.5,1,1,1,0,0,0,0.0,0.6655
val,images/val/camera_crack_camera185.png,0.05,1,1,1,0,0,0,0.0,0.9033
val,images/val/camera_crack_camera185.png,0.1,1,1,1,0,0,0,0.0,0.9033
val,images/val/camera_crack_camera185.png,0.25,1,1,1,0,0,0,0.0,0.9033
val,images/val/camera_crack_camera185.png,0.5,1,1,1,0,0,0,0.0,0.9033
val,images/val/camera_crack_camera188.png,0.05,1,1,0,1,1,0,0.0,0.8664
val,images/val/camera_crack_camera188.png,0.1,1,1,0,1,1,0,0.0,0.8664
val,images/val/camera_crack_camera188.png,0.25,1,1,0,1,1,0,0.0,0.8664
val,images/val/camera_crack_camera188.png,0.5,1,1,0,1,1,0,0.0,0.8664
val,images/val/camera_crack_camera191.png,0.05,1,2,0,2,1,0,0.373,0.7086
val,images/val/camera_crack_camera191.png,0.1,1,2,0,2,1,0,0.373,0.7086
val,images/val/camera_crack_camera191.png,0.25,1,2,0,2,1,0,0.373,0.7086
val,images/val/camera_crack_camera191.png,0.5,1,1,0,1,1,0,0.0,0.7086
val,images/val/camera_crack_camera193.png,0.05,1,2,1,1,0,0,0.2223,0.8767
val,images/val/camera_crack_camera193.png,0.1,1,2,1,1,0,0,0.2223,0.8767
val,images/val/camera_crack_camera193.png,0.25,1,1,1,0,0,0,0.0,0.8767
val,images/val/camera_crack_camera193.png,0.5,1,1,1,0,0,0,0.0,0.8767
val,images/val/camera_crack_camera214.png,0.05,1,1,1,0,0,0,0.0,0.9155
val,images/val/camera_crack_camera214.png,0.1,1,1,1,0,0,0,0.0,0.9155
val,images/val/camera_crack_camera214.png,0.25,1,1,1,0,0,0,0.0,0.9155
val,images/val/camera_crack_camera214.png,0.5,1,1,1,0,0,0,0.0,0.9155
val,images/val/camera_crack_camera233.png,0.05,1,2,1,1,0,0,0.2901,0.9057
val,images/val/camera_crack_camera233.png,0.1,1,2,1,1,0,0,0.2901,0.9057
val,images/val/camera_crack_camera233.png,0.25,1,2,1,1,0,0,0.2901,0.9057
val,images/val/camera_crack_camera233.png,0.5,1,1,1,0,0,0,0.0,0.9057
val,images/val/camera_crack_camera258.png,0.05,1,1,1,0,0,0,0.0,0.7855
val,images/val/camera_crack_camera258.png,0.1,1,1,1,0,0,0,0.0,0.7855
val,images/val/camera_crack_camera258.png,0.25,1,1,1,0,0,0,0.0,0.7855
val,images/val/camera_crack_camera258.png,0.5,1,1,1,0,0,0,0.0,0.7855
val,images/val/camera_crack_camera267.png,0.05,1,3,1,2,0,2,0.5285,0.8145
val,images/val/camera_crack_camera267.png,0.1,1,3,1,2,0,2,0.5285,0.8145
val,images/val/camera_crack_camera267.png,0.25,1,3,1,2,0,2,0.5285,0.8145
val,images/val/camera_crack_camera267.png,0.5,1,3,1,2,0,2,0.5285,0.8145
val,images/val/camera_crack_camera274.png,0.05,1,1,1,0,0,0,0.0,0.835
val,images/val/camera_crack_camera274.png,0.1,1,1,1,0,0,0,0.0,0.835
val,images/val/camera_crack_camera274.png,0.25,1,1,1,0,0,0,0.0,0.835
val,images/val/camera_crack_camera274.png,0.5,1,1,1,0,0,0,0.0,0.835
val,images/val/camera_crack_camera275.png,0.05,1,2,1,1,0,0,0.0,0.9315
val,images/val/camera_crack_camera275.png,0.1,1,2,1,1,0,0,0.0,0.9315
val,images/val/camera_crack_camera275.png,0.25,1,1,1,0,0,0,0.0,0.9315
val,images/val/camera_crack_camera275.png,0.5,1,1,1,0,0,0,0.0,0.9315
val,images/val/camera_crack_camera280.png,0.05,1,2,1,1,0,0,0.261,0.8948
val,images/val/camera_crack_camera280.png,0.1,1,2,1,1,0,0,0.261,0.8948
val,images/val/camera_crack_camera280.png,0.25,1,2,1,1,0,0,0.261,0.8948
val,images/val/camera_crack_camera280.png,0.5,1,1,1,0,0,0,0.0,0.8948
val,images/val/camera_crack_camera281.png,0.05,1,1,1,0,0,0,0.0,0.9187
val,images/val/camera_crack_camera281.png,0.1,1,1,1,0,0,0,0.0,0.9187
val,images/val/camera_crack_camera281.png,0.25,1,1,1,0,0,0,0.0,0.9187
val,images/val/camera_crack_camera281.png,0.5,1,1,1,0,0,0,0.0,0.9187
val,images/val/camera_crack_camera283.png,0.05,1,2,1,1,0,1,0.6427,0.9261
val,images/val/camera_crack_camera283.png,0.1,1,2,1,1,0,1,0.6427,0.9261
val,images/val/camera_crack_camera283.png,0.25,1,2,1,1,0,1,0.6427,0.9261
val,images/val/camera_crack_camera283.png,0.5,1,1,1,0,0,0,0.0,0.9261
val,images/val/camera_crack_camera285.png,0.05,1,1,1,0,0,0,0.0,0.8641
val,images/val/camera_crack_camera285.png,0.1,1,1,1,0,0,0,0.0,0.8641
val,images/val/camera_crack_camera285.png,0.25,1,1,1,0,0,0,0.0,0.8641
val,images/val/camera_crack_camera285.png,0.5,1,1,1,0,0,0,0.0,0.8641
val,images/val/camera_crack_camera288.png,0.05,1,2,1,1,0,0,0.4222,0.879
val,images/val/camera_crack_camera288.png,0.1,1,2,1,1,0,0,0.4222,0.879
val,images/val/camera_crack_camera288.png,0.25,1,1,1,0,0,0,0.0,0.879
val,images/val/camera_crack_camera288.png,0.5,1,1,1,0,0,0,0.0,0.879
val,images/val/camera_crack_camera294.png,0.05,1,2,1,1,0,0,0.1442,0.2041
val,images/val/camera_crack_camera294.png,0.1,1,1,0,1,1,0,0.0,0.2041
val,images/val/camera_crack_camera294.png,0.25,1,0,0,0,1,0,0.0,0.0
val,images/val/camera_crack_camera294.png,0.5,1,0,0,0,1,0,0.0,0.0
val,images/val/camera_crack_camera296.png,0.05,1,2,1,1,0,1,0.6939,0.8891
val,images/val/camera_crack_camera296.png,0.1,1,2,1,1,0,1,0.6939,0.8891
val,images/val/camera_crack_camera296.png,0.25,1,2,1,1,0,1,0.6939,0.8891
val,images/val/camera_crack_camera296.png,0.5,1,1,1,0,0,0,0.0,0.8891
val,images/val/camera_normal_camera002.png,0.05,0,0,0,0,0,0,0.0,0.0
val,images/val/camera_normal_camera002.png,0.1,0,0,0,0,0,0,0.0,0.0
val,images/val/camera_normal_camera002.png,0.25,0,0,0,0,0,0,0.0,0.0
val,images/val/camera_normal_camera002.png,0.5,0,0,0,0,0,0,0.0,0.0
val,images/val/camera_normal_camera019.png,0.05,0,0,0,0,0,0,0.0,0.0
val,images/val/camera_normal_camera019.png,0.1,0,0,0,0,0,0,0.0,0.0
val,images/val/camera_normal_camera019.png,0.25,0,0,0,0,0,0,0.0,0.0
val,images/val/camera_normal_camera019.png,0.5,0,0,0,0,0,0,0.0,0.0
val,images/val/camera_normal_camera068.png,0.05,0,0,0,0,0,0,0.0,0.0
val,images/val/camera_normal_camera068.png,0.1,0,0,0,0,0,0,0.0,0.0
val,images/val/camera_normal_camera068.png,0.25,0,0,0,0,0,0,0.0,0.0
val,images/val/camera_normal_camera068.png,0.5,0,0,0,0,0,0,0.0,0.0
val,images/val/camera_normal_camera072.png,0.05,0,0,0,0,0,0,0.0,0.0
val,images/val/camera_normal_camera072.png,0.1,0,0,0,0,0,0,0.0,0.0
val,images/val/camera_normal_camera072.png,0.25,0,0,0,0,0,0,0.0,0.0
val,images/val/camera_normal_camera072.png,0.5,0,0,0,0,0,0,0.0,0.0
val,images/val/camera_normal_camera073.png,0.05,0,0,0,0,0,0,0.0,0.0
val,images/val/camera_normal_camera073.png,0.1,0,0,0,0,0,0,0.0,0.0
val,images/val/camera_normal_camera073.png,0.25,0,0,0,0,0,0,0.0,0.0
val,images/val/camera_normal_camera073.png,0.5,0,0,0,0,0,0,0.0,0.0
val,images/val/camera_normal_camera092.png,0.05,0,0,0,0,0,0,0.0,0.0
val,images/val/camera_normal_camera092.png,0.1,0,0,0,0,0,0,0.0,0.0
val,images/val/camera_normal_camera092.png,0.25,0,0,0,0,0,0,0.0,0.0
val,images/val/camera_normal_camera092.png,0.5,0,0,0,0,0,0,0.0,0.0
val,images/val/camera_normal_camera114.png,0.05,0,0,0,0,0,0,0.0,0.0
val,images/val/camera_normal_camera114.png,0.1,0,0,0,0,0,0,0.0,0.0
val,images/val/camera_normal_camera114.png,0.25,0,0,0,0,0,0,0.0,0.0
val,images/val/camera_normal_camera114.png,0.5,0,0,0,0,0,0,0.0,0.0
val,images/val/camera_normal_camera118.png,0.05,0,0,0,0,0,0,0.0,0.0
val,images/val/camera_normal_camera118.png,0.1,0,0,0,0,0,0,0.0,0.0
val,images/val/camera_normal_camera118.png,0.25,0,0,0,0,0,0,0.0,0.0
val,images/val/camera_normal_camera118.png,0.5,0,0,0,0,0,0,0.0,0.0
val,images/val/phone_crack_phone203.png,0.05,1,1,1,0,0,0,0.0,0.8607
val,images/val/phone_crack_phone203.png,0.1,1,1,1,0,0,0,0.0,0.8607
val,images/val/phone_crack_phone203.png,0.25,1,1,1,0,0,0,0.0,0.8607
val,images/val/phone_crack_phone203.png,0.5,1,1,1,0,0,0,0.0,0.8607
val,images/val/phone_crack_phone231.png,0.05,1,1,1,0,0,0,0.0,0.8664
val,images/val/phone_crack_phone231.png,0.1,1,1,1,0,0,0,0.0,0.8664
val,images/val/phone_crack_phone231.png,0.25,1,1,1,0,0,0,0.0,0.8664
val,images/val/phone_crack_phone231.png,0.5,1,1,1,0,0,0,0.0,0.8664
val,images/val/phone_crack_phone261.png,0.05,1,2,1,1,0,1,0.6606,0.794
val,images/val/phone_crack_phone261.png,0.1,1,2,1,1,0,1,0.6606,0.794
val,images/val/phone_crack_phone261.png,0.25,1,1,1,0,0,0,0.0,0.794
val,images/val/phone_crack_phone261.png,0.5,1,1,1,0,0,0,0.0,0.794
val,images/val/phone_crack_phone305.png,0.05,1,1,1,0,0,0,0.0,0.7856
val,images/val/phone_crack_phone305.png,0.1,1,1,1,0,0,0,0.0,0.7856
val,images/val/phone_crack_phone305.png,0.25,1,1,1,0,0,0,0.0,0.7856
val,images/val/phone_crack_phone305.png,0.5,1,1,1,0,0,0,0.0,0.7856
val,images/val/phone_crack_phone357.png,0.05,1,1,1,0,0,0,0.0,0.8061
val,images/val/phone_crack_phone357.png,0.1,1,1,1,0,0,0,0.0,0.8061
val,images/val/phone_crack_phone357.png,0.25,1,1,1,0,0,0,0.0,0.8061
val,images/val/phone_crack_phone357.png,0.5,1,1,1,0,0,0,0.0,0.8061
val,images/val/phone_crack_phone367.png,0.05,1,1,1,0,0,0,0.0,0.8492
val,images/val/phone_crack_phone367.png,0.1,1,1,1,0,0,0,0.0,0.8492
val,images/val/phone_crack_phone367.png,0.25,1,1,1,0,0,0,0.0,0.8492
val,images/val/phone_crack_phone367.png,0.5,1,1,1,0,0,0,0.0,0.8492
val,images/val/phone_crack_phone444.png,0.05,1,1,1,0,0,0,0.0,0.9505
val,images/val/phone_crack_phone444.png,0.1,1,1,1,0,0,0,0.0,0.9505
val,images/val/phone_crack_phone444.png,0.25,1,1,1,0,0,0,0.0,0.9505
val,images/val/phone_crack_phone444.png,0.5,1,1,1,0,0,0,0.0,0.9505
val,images/val/phone_crack_phone480.png,0.05,1,1,1,0,0,0,0.0,0.9142
val,images/val/phone_crack_phone480.png,0.1,1,1,1,0,0,0,0.0,0.9142
val,images/val/phone_crack_phone480.png,0.25,1,1,1,0,0,0,0.0,0.9142
val,images/val/phone_crack_phone480.png,0.5,1,1,1,0,0,0,0.0,0.9142
val,images/val/phone_crack_phone562.png,0.05,1,1,1,0,0,0,0.0,0.8008
val,images/val/phone_crack_phone562.png,0.1,1,1,1,0,0,0,0.0,0.8008
val,images/val/phone_crack_phone562.png,0.25,1,1,1,0,0,0,0.0,0.8008
val,images/val/phone_crack_phone562.png,0.5,1,1,1,0,0,0,0.0,0.8008
val,images/val/phone_crack_phone584.png,0.05,1,1,1,0,0,0,0.0,0.8018
val,images/val/phone_crack_phone584.png,0.1,1,1,1,0,0,0,0.0,0.8018
val,images/val/phone_crack_phone584.png,0.25,1,1,1,0,0,0,0.0,0.8018
val,images/val/phone_crack_phone584.png,0.5,1,1,1,0,0,0,0.0,0.8018
val,images/val/phone_crack_phone618.png,0.05,1,1,1,0,0,0,0.0,0.8284
val,images/val/phone_crack_phone618.png,0.1,1,1,1,0,0,0,0.0,0.8284
val,images/val/phone_crack_phone618.png,0.25,1,1,1,0,0,0,0.0,0.8284
val,images/val/phone_crack_phone618.png,0.5,1,1,1,0,0,0,0.0,0.8284
val,images/val/phone_crack_phone626.png,0.05,1,1,1,0,0,0,0.0,0.8517
val,images/val/phone_crack_phone626.png,0.1,1,1,1,0,0,0,0.0,0.8517
val,images/val/phone_crack_phone626.png,0.25,1,1,1,0,0,0,0.0,0.8517
val,images/val/phone_crack_phone626.png,0.5,1,1,1,0,0,0,0.0,0.8517
val,images/val/phone_crack_phone684.png,0.05,1,1,1,0,0,0,0.0,0.7827
val,images/val/phone_crack_phone684.png,0.1,1,1,1,0,0,0,0.0,0.7827
val,images/val/phone_crack_phone684.png,0.25,1,1,1,0,0,0,0.0,0.7827
val,images/val/phone_crack_phone684.png,0.5,1,1,1,0,0,0,0.0,0.7827
val,images/val/phone_crack_phone696.png,0.05,1,2,1,1,0,1,0.6596,0.7831
val,images/val/phone_crack_phone696.png,0.1,1,2,1,1,0,1,0.6596,0.7831
val,images/val/phone_crack_phone696.png,0.25,1,1,1,0,0,0,0.0,0.7831
val,images/val/phone_crack_phone696.png,0.5,1,1,1,0,0,0,0.0,0.7831
val,images/val/phone_crack_phone704.png,0.05,1,1,1,0,0,0,0.0,0.8437
val,images/val/phone_crack_phone704.png,0.1,1,1,1,0,0,0,0.0,0.8437
val,images/val/phone_crack_phone704.png,0.25,1,1,1,0,0,0,0.0,0.8437
val,images/val/phone_crack_phone704.png,0.5,1,1,1,0,0,0,0.0,0.8437
val,images/val/phone_crack_phone714.png,0.05,1,1,1,0,0,0,0.0,0.82
val,images/val/phone_crack_phone714.png,0.1,1,1,1,0,0,0,0.0,0.82
val,images/val/phone_crack_phone714.png,0.25,1,1,1,0,0,0,0.0,0.82
val,images/val/phone_crack_phone714.png,0.5,1,1,1,0,0,0,0.0,0.82
val,images/val/phone_crack_phone724.png,0.05,1,1,1,0,0,0,0.0,0.8139
val,images/val/phone_crack_phone724.png,0.1,1,1,1,0,0,0,0.0,0.8139
val,images/val/phone_crack_phone724.png,0.25,1,1,1,0,0,0,0.0,0.8139
val,images/val/phone_crack_phone724.png,0.5,1,1,1,0,0,0,0.0,0.8139
val,images/val/phone_crack_phone819.png,0.05,1,1,1,0,0,0,0.0,0.8328
val,images/val/phone_crack_phone819.png,0.1,1,1,1,0,0,0,0.0,0.8328
val,images/val/phone_crack_phone819.png,0.25,1,1,1,0,0,0,0.0,0.8328
val,images/val/phone_crack_phone819.png,0.5,1,1,1,0,0,0,0.0,0.8328
val,images/val/phone_crack_phone861.png,0.05,1,3,1,2,0,1,0.5394,0.5188
val,images/val/phone_crack_phone861.png,0.1,1,2,1,1,0,1,0.5394,0.5188
val,images/val/phone_crack_phone861.png,0.25,1,1,0,1,1,0,0.0,0.5188
val,images/val/phone_crack_phone861.png,0.5,1,1,0,1,1,0,0.0,0.5188
val,images/val/phone_crack_phone919.png,0.05,1,1,1,0,0,0,0.0,0.8548
val,images/val/phone_crack_phone919.png,0.1,1,1,1,0,0,0,0.0,0.8548
val,images/val/phone_crack_phone919.png,0.25,1,1,1,0,0,0,0.0,0.8548
val,images/val/phone_crack_phone919.png,0.5,1,1,1,0,0,0,0.0,0.8548
val,images/val/phone_crack_phone935.png,0.05,1,1,1,0,0,0,0.0,0.841
val,images/val/phone_crack_phone935.png,0.1,1,1,1,0,0,0,0.0,0.841
val,images/val/phone_crack_phone935.png,0.25,1,1,1,0,0,0,0.0,0.841
val,images/val/phone_crack_phone935.png,0.5,1,1,1,0,0,0,0.0,0.841
val,images/val/phone_crack_phone959.png,0.05,1,1,1,0,0,0,0.0,0.8944
val,images/val/phone_crack_phone959.png,0.1,1,1,1,0,0,0,0.0,0.8944
val,images/val/phone_crack_phone959.png,0.25,1,1,1,0,0,0,0.0,0.8944
val,images/val/phone_crack_phone959.png,0.5,1,1,1,0,0,0,0.0,0.8944
val,images/val/phone_normal_phone044.png,0.05,0,0,0,0,0,0,0.0,0.0
val,images/val/phone_normal_phone044.png,0.1,0,0,0,0,0,0,0.0,0.0
val,images/val/phone_normal_phone044.png,0.25,0,0,0,0,0,0,0.0,0.0
val,images/val/phone_normal_phone044.png,0.5,0,0,0,0,0,0,0.0,0.0
val,images/val/phone_normal_phone082.png,0.05,0,0,0,0,0,0,0.0,0.0
val,images/val/phone_normal_phone082.png,0.1,0,0,0,0,0,0,0.0,0.0
val,images/val/phone_normal_phone082.png,0.25,0,0,0,0,0,0,0.0,0.0
val,images/val/phone_normal_phone082.png,0.5,0,0,0,0,0,0,0.0,0.0
val,images/val/phone_normal_phone090.png,0.05,0,0,0,0,0,0,0.0,0.0
val,images/val/phone_normal_phone090.png,0.1,0,0,0,0,0,0,0.0,0.0
val,images/val/phone_normal_phone090.png,0.25,0,0,0,0,0,0,0.0,0.0
val,images/val/phone_normal_phone090.png,0.5,0,0,0,0,0,0,0.0,0.0
val,images/val/phone_normal_phone146.png,0.05,0,0,0,0,0,0,0.0,0.0
val,images/val/phone_normal_phone146.png,0.1,0,0,0,0,0,0,0.0,0.0
val,images/val/phone_normal_phone146.png,0.25,0,0,0,0,0,0,0.0,0.0
val,images/val/phone_normal_phone146.png,0.5,0,0,0,0,0,0,0.0,0.0
val,images/val/phone_normal_phone199.png,0.05,0,0,0,0,0,0,0.0,0.0
val,images/val/phone_normal_phone199.png,0.1,0,0,0,0,0,0,0.0,0.0
val,images/val/phone_normal_phone199.png,0.25,0,0,0,0,0,0,0.0,0.0
val,images/val/phone_normal_phone199.png,0.5,0,0,0,0,0,0,0.0,0.0
val,images/val/phone_normal_phone211.png,0.05,0,0,0,0,0,0,0.0,0.0
val,images/val/phone_normal_phone211.png,0.1,0,0,0,0,0,0,0.0,0.0
val,images/val/phone_normal_phone211.png,0.25,0,0,0,0,0,0,0.0,0.0
val,images/val/phone_normal_phone211.png,0.5,0,0,0,0,0,0,0.0,0.0
val,images/val/phone_normal_phone259.png,0.05,0,0,0,0,0,0,0.0,0.0
val,images/val/phone_normal_phone259.png,0.1,0,0,0,0,0,0,0.0,0.0
val,images/val/phone_normal_phone259.png,0.25,0,0,0,0,0,0,0.0,0.0
val,images/val/phone_normal_phone259.png,0.5,0,0,0,0,0,0,0.0,0.0
val,images/val/phone_normal_phone291.png,0.05,0,0,0,0,0,0,0.0,0.0
val,images/val/phone_normal_phone291.png,0.1,0,0,0,0,0,0,0.0,0.0
val,images/val/phone_normal_phone291.png,0.25,0,0,0,0,0,0,0.0,0.0
val,images/val/phone_normal_phone291.png,0.5,0,0,0,0,0,0,0.0,0.0
test,images/test/camera_crack_camera007.png,0.05,1,1,1,0,0,0,0.0,0.9078
test,images/test/camera_crack_camera007.png,0.1,1,1,1,0,0,0,0.0,0.9078
test,images/test/camera_crack_camera007.png,0.25,1,1,1,0,0,0,0.0,0.9078
test,images/test/camera_crack_camera007.png,0.5,1,1,1,0,0,0,0.0,0.9078
test,images/test/camera_crack_camera014.png,0.05,1,2,1,1,0,1,0.6097,0.8267
test,images/test/camera_crack_camera014.png,0.1,1,2,1,1,0,1,0.6097,0.8267
test,images/test/camera_crack_camera014.png,0.25,1,2,1,1,0,1,0.6097,0.8267
test,images/test/camera_crack_camera014.png,0.5,1,2,1,1,0,1,0.6097,0.8267
test,images/test/camera_crack_camera017.png,0.05,1,1,1,0,0,0,0.0,0.9441
test,images/test/camera_crack_camera017.png,0.1,1,1,1,0,0,0,0.0,0.9441
test,images/test/camera_crack_camera017.png,0.25,1,1,1,0,0,0,0.0,0.9441
test,images/test/camera_crack_camera017.png,0.5,1,1,1,0,0,0,0.0,0.9441
test,images/test/camera_crack_camera024.png,0.05,1,1,1,0,0,0,0.0,0.7832
test,images/test/camera_crack_camera024.png,0.1,1,1,1,0,0,0,0.0,0.7832
test,images/test/camera_crack_camera024.png,0.25,1,1,1,0,0,0,0.0,0.7832
test,images/test/camera_crack_camera024.png,0.5,1,1,1,0,0,0,0.0,0.7832
test,images/test/camera_crack_camera025.png,0.05,1,1,1,0,0,0,0.0,0.8992
test,images/test/camera_crack_camera025.png,0.1,1,1,1,0,0,0,0.0,0.8992
test,images/test/camera_crack_camera025.png,0.25,1,1,1,0,0,0,0.0,0.8992
test,images/test/camera_crack_camera025.png,0.5,1,1,1,0,0,0,0.0,0.8992
test,images/test/camera_crack_camera037.png,0.05,1,4,1,3,0,3,0.658,0.8709
test,images/test/camera_crack_camera037.png,0.1,1,4,1,3,0,3,0.658,0.8709
test,images/test/camera_crack_camera037.png,0.25,1,2,1,1,0,1,0.658,0.8709
test,images/test/camera_crack_camera037.png,0.5,1,2,1,1,0,1,0.658,0.8709
test,images/test/camera_crack_camera071.png,0.05,1,1,1,0,0,0,0.0,0.931
test,images/test/camera_crack_camera071.png,0.1,1,1,1,0,0,0,0.0,0.931
test,images/test/camera_crack_camera071.png,0.25,1,1,1,0,0,0,0.0,0.931
test,images/test/camera_crack_camera071.png,0.5,1,1,1,0,0,0,0.0,0.931
test,images/test/camera_crack_camera075.png,0.05,1,2,1,1,0,0,0.3294,0.8492
test,images/test/camera_crack_camera075.png,0.1,1,2,1,1,0,0,0.3294,0.8492
test,images/test/camera_crack_camera075.png,0.25,1,2,1,1,0,0,0.3294,0.8492
test,images/test/camera_crack_camera075.png,0.5,1,1,1,0,0,0,0.0,0.8492
test,images/test/camera_crack_camera078.png,0.05,1,2,1,1,0,1,0.5474,0.6998
test,images/test/camera_crack_camera078.png,0.1,1,2,1,1,0,1,0.5474,0.6998
test,images/test/camera_crack_camera078.png,0.25,1,2,1,1,0,1,0.5474,0.6998
test,images/test/camera_crack_camera078.png,0.5,1,1,1,0,0,0,0.0,0.6998
test,images/test/camera_crack_camera107.png,0.05,1,3,1,2,0,0,0.4803,0.6876
test,images/test/camera_crack_camera107.png,0.1,1,2,1,1,0,0,0.3062,0.6876
test,images/test/camera_crack_camera107.png,0.25,1,1,1,0,0,0,0.0,0.6876
test,images/test/camera_crack_camera107.png,0.5,1,1,1,0,0,0,0.0,0.6876
test,images/test/camera_crack_camera116.png,0.05,1,1,1,0,0,0,0.0,0.9076
test,images/test/camera_crack_camera116.png,0.1,1,1,1,0,0,0,0.0,0.9076
test,images/test/camera_crack_camera116.png,0.25,1,1,1,0,0,0,0.0,0.9076
test,images/test/camera_crack_camera116.png,0.5,1,1,1,0,0,0,0.0,0.9076
test,images/test/camera_crack_camera121.png,0.05,1,1,1,0,0,0,0.0,0.9023
test,images/test/camera_crack_camera121.png,0.1,1,1,1,0,0,0,0.0,0.9023
test,images/test/camera_crack_camera121.png,0.25,1,1,1,0,0,0,0.0,0.9023
test,images/test/camera_crack_camera121.png,0.5,1,1,1,0,0,0,0.0,0.9023
test,images/test/camera_crack_camera123.png,0.05,1,1,1,0,0,0,0.0,0.9089
test,images/test/camera_crack_camera123.png,0.1,1,1,1,0,0,0,0.0,0.9089
test,images/test/camera_crack_camera123.png,0.25,1,1,1,0,0,0,0.0,0.9089
test,images/test/camera_crack_camera123.png,0.5,1,1,1,0,0,0,0.0,0.9089
test,images/test/camera_crack_camera138.png,0.05,1,2,1,1,0,0,0.4262,0.8965
test,images/test/camera_crack_camera138.png,0.1,1,2,1,1,0,0,0.4262,0.8965
test,images/test/camera_crack_camera138.png,0.25,1,1,1,0,0,0,0.0,0.8965
test,images/test/camera_crack_camera138.png,0.5,1,1,1,0,0,0,0.0,0.8965
test,images/test/camera_crack_camera142.png,0.05,1,3,1,2,0,1,0.643,0.7021
test,images/test/camera_crack_camera142.png,0.1,1,2,1,1,0,0,0.2472,0.7021
test,images/test/camera_crack_camera142.png,0.25,1,2,1,1,0,0,0.2472,0.7021
test,images/test/camera_crack_camera142.png,0.5,1,1,1,0,0,0,0.0,0.7021
test,images/test/camera_crack_camera225.png,0.05,1,2,1,1,0,0,0.2775,0.8897
test,images/test/camera_crack_camera225.png,0.1,1,2,1,1,0,0,0.2775,0.8897
test,images/test/camera_crack_camera225.png,0.25,1,1,1,0,0,0,0.0,0.8897
test,images/test/camera_crack_camera225.png,0.5,1,1,1,0,0,0,0.0,0.8897
test,images/test/camera_crack_camera227.png,0.05,1,1,1,0,0,0,0.0,0.8337
test,images/test/camera_crack_camera227.png,0.1,1,1,1,0,0,0,0.0,0.8337
test,images/test/camera_crack_camera227.png,0.25,1,1,1,0,0,0,0.0,0.8337
test,images/test/camera_crack_camera227.png,0.5,1,1,1,0,0,0,0.0,0.8337
test,images/test/camera_crack_camera238.png,0.05,1,1,1,0,0,0,0.0,0.9231
test,images/test/camera_crack_camera238.png,0.1,1,1,1,0,0,0,0.0,0.9231
test,images/test/camera_crack_camera238.png,0.25,1,1,1,0,0,0,0.0,0.9231
test,images/test/camera_crack_camera238.png,0.5,1,1,1,0,0,0,0.0,0.9231
test,images/test/camera_crack_camera240.png,0.05,1,1,1,0,0,0,0.0,0.9496
test,images/test/camera_crack_camera240.png,0.1,1,1,1,0,0,0,0.0,0.9496
test,images/test/camera_crack_camera240.png,0.25,1,1,1,0,0,0,0.0,0.9496
test,images/test/camera_crack_camera240.png,0.5,1,1,1,0,0,0,0.0,0.9496
test,images/test/camera_crack_camera256.png,0.05,1,2,1,1,0,0,0.2228,0.8575
test,images/test/camera_crack_camera256.png,0.1,1,2,1,1,0,0,0.2228,0.8575
test,images/test/camera_crack_camera256.png,0.25,1,2,1,1,0,0,0.2228,0.8575
test,images/test/camera_crack_camera256.png,0.5,1,1,1,0,0,0,0.0,0.8575
test,images/test/camera_crack_camera260.png,0.05,1,1,1,0,0,0,0.0,0.869
test,images/test/camera_crack_camera260.png,0.1,1,1,1,0,0,0,0.0,0.869
test,images/test/camera_crack_camera260.png,0.25,1,1,1,0,0,0,0.0,0.869
test,images/test/camera_crack_camera260.png,0.5,1,1,1,0,0,0,0.0,0.869
test,images/test/camera_crack_camera263.png,0.05,1,2,1,1,0,1,0.6688,0.9165
test,images/test/camera_crack_camera263.png,0.1,1,1,1,0,0,0,0.0,0.9165
test,images/test/camera_crack_camera263.png,0.25,1,1,1,0,0,0,0.0,0.9165
test,images/test/camera_crack_camera263.png,0.5,1,1,1,0,0,0,0.0,0.9165
test,images/test/camera_crack_camera264.png,0.05,1,4,1,3,0,0,0.462,0.5487
test,images/test/camera_crack_camera264.png,0.1,1,3,1,2,0,0,0.462,0.5487
test,images/test/camera_crack_camera264.png,0.25,1,1,0,1,1,0,0.0,0.5487
test,images/test/camera_crack_camera264.png,0.5,1,1,0,1,1,0,0.0,0.5487
test,images/test/camera_crack_camera265.png,0.05,1,1,1,0,0,0,0.0,0.8638
test,images/test/camera_crack_camera265.png,0.1,1,1,1,0,0,0,0.0,0.8638
test,images/test/camera_crack_camera265.png,0.25,1,1,1,0,0,0,0.0,0.8638
test,images/test/camera_crack_camera265.png,0.5,1,1,1,0,0,0,0.0,0.8638
test,images/test/camera_crack_camera269.png,0.05,1,2,1,1,0,0,0.334,0.9158
test,images/test/camera_crack_camera269.png,0.1,1,1,1,0,0,0,0.0,0.9158
test,images/test/camera_crack_camera269.png,0.25,1,1,1,0,0,0,0.0,0.9158
test,images/test/camera_crack_camera269.png,0.5,1,1,1,0,0,0,0.0,0.9158
test,images/test/camera_crack_camera277.png,0.05,1,5,1,4,0,2,0.6837,0.4754
test,images/test/camera_crack_camera277.png,0.1,1,4,1,3,0,1,0.6837,0.4754
test,images/test/camera_crack_camera277.png,0.25,1,3,1,2,0,0,0.387,0.4754
test,images/test/camera_crack_camera277.png,0.5,1,0,0,0,1,0,0.0,0.0
test,images/test/camera_crack_camera297.png,0.05,1,1,1,0,0,0,0.0,0.8901
test,images/test/camera_crack_camera297.png,0.1,1,1,1,0,0,0,0.0,0.8901
test,images/test/camera_crack_camera297.png,0.25,1,1,1,0,0,0,0.0,0.8901
test,images/test/camera_crack_camera297.png,0.5,1,1,1,0,0,0,0.0,0.8901
test,images/test/camera_crack_camera298.png,0.05,1,2,1,1,0,0,0.249,0.914
test,images/test/camera_crack_camera298.png,0.1,1,2,1,1,0,0,0.249,0.914
test,images/test/camera_crack_camera298.png,0.25,1,1,1,0,0,0,0.0,0.914
test,images/test/camera_crack_camera298.png,0.5,1,1,1,0,0,0,0.0,0.914
test,images/test/camera_crack_camera300.png,0.05,1,1,1,0,0,0,0.0,0.9195
test,images/test/camera_crack_camera300.png,0.1,1,1,1,0,0,0,0.0,0.9195
test,images/test/camera_crack_camera300.png,0.25,1,1,1,0,0,0,0.0,0.9195
test,images/test/camera_crack_camera300.png,0.5,1,1,1,0,0,0,0.0,0.9195
test,images/test/camera_crack_camera301.png,0.05,1,3,0,3,1,1,0.6322,0.5304
test,images/test/camera_crack_camera301.png,0.1,1,3,0,3,1,1,0.6322,0.5304
test,images/test/camera_crack_camera301.png,0.25,1,2,0,2,1,0,0.0458,0.5304
test,images/test/camera_crack_camera301.png,0.5,1,2,0,2,1,0,0.0458,0.5304
test,images/test/camera_crack_camera303.png,0.05,1,1,1,0,0,0,0.0,0.9338
test,images/test/camera_crack_camera303.png,0.1,1,1,1,0,0,0,0.0,0.9338
test,images/test/camera_crack_camera303.png,0.25,1,1,1,0,0,0,0.0,0.9338
test,images/test/camera_crack_camera303.png,0.5,1,1,1,0,0,0,0.0,0.9338
test,images/test/camera_normal_camera023.png,0.05,0,0,0,0,0,0,0.0,0.0
test,images/test/camera_normal_camera023.png,0.1,0,0,0,0,0,0,0.0,0.0
test,images/test/camera_normal_camera023.png,0.25,0,0,0,0,0,0,0.0,0.0
test,images/test/camera_normal_camera023.png,0.5,0,0,0,0,0,0,0.0,0.0
test,images/test/camera_normal_camera035.png,0.05,0,0,0,0,0,0,0.0,0.0
test,images/test/camera_normal_camera035.png,0.1,0,0,0,0,0,0,0.0,0.0
test,images/test/camera_normal_camera035.png,0.25,0,0,0,0,0,0,0.0,0.0
test,images/test/camera_normal_camera035.png,0.5,0,0,0,0,0,0,0.0,0.0
test,images/test/camera_normal_camera039.png,0.05,0,0,0,0,0,0,0.0,0.0
test,images/test/camera_normal_camera039.png,0.1,0,0,0,0,0,0,0.0,0.0
test,images/test/camera_normal_camera039.png,0.25,0,0,0,0,0,0,0.0,0.0
test,images/test/camera_normal_camera039.png,0.5,0,0,0,0,0,0,0.0,0.0
test,images/test/camera_normal_camera054.png,0.05,0,0,0,0,0,0,0.0,0.0
test,images/test/camera_normal_camera054.png,0.1,0,0,0,0,0,0,0.0,0.0
test,images/test/camera_normal_camera054.png,0.25,0,0,0,0,0,0,0.0,0.0
test,images/test/camera_normal_camera054.png,0.5,0,0,0,0,0,0,0.0,0.0
test,images/test/camera_normal_camera090.png,0.05,0,0,0,0,0,0,0.0,0.0
test,images/test/camera_normal_camera090.png,0.1,0,0,0,0,0,0,0.0,0.0
test,images/test/camera_normal_camera090.png,0.25,0,0,0,0,0,0,0.0,0.0
test,images/test/camera_normal_camera090.png,0.5,0,0,0,0,0,0,0.0,0.0
test,images/test/camera_normal_camera091.png,0.05,0,0,0,0,0,0,0.0,0.0
test,images/test/camera_normal_camera091.png,0.1,0,0,0,0,0,0,0.0,0.0
test,images/test/camera_normal_camera091.png,0.25,0,0,0,0,0,0,0.0,0.0
test,images/test/camera_normal_camera091.png,0.5,0,0,0,0,0,0,0.0,0.0
test,images/test/camera_normal_camera104.png,0.05,0,0,0,0,0,0,0.0,0.0
test,images/test/camera_normal_camera104.png,0.1,0,0,0,0,0,0,0.0,0.0
test,images/test/camera_normal_camera104.png,0.25,0,0,0,0,0,0,0.0,0.0
test,images/test/camera_normal_camera104.png,0.5,0,0,0,0,0,0,0.0,0.0
test,images/test/camera_normal_camera117.png,0.05,0,0,0,0,0,0,0.0,0.0
test,images/test/camera_normal_camera117.png,0.1,0,0,0,0,0,0,0.0,0.0
test,images/test/camera_normal_camera117.png,0.25,0,0,0,0,0,0,0.0,0.0
test,images/test/camera_normal_camera117.png,0.5,0,0,0,0,0,0,0.0,0.0
test,images/test/phone_crack_phone016.png,0.05,1,2,1,1,0,1,0.5887,0.7454
test,images/test/phone_crack_phone016.png,0.1,1,2,1,1,0,1,0.5887,0.7454
test,images/test/phone_crack_phone016.png,0.25,1,1,0,1,1,0,0.0,0.7454
test,images/test/phone_crack_phone016.png,0.5,1,1,0,1,1,0,0.0,0.7454
test,images/test/phone_crack_phone038.png,0.05,1,2,1,1,0,0,0.0,0.7256
test,images/test/phone_crack_phone038.png,0.1,1,2,1,1,0,0,0.0,0.7256
test,images/test/phone_crack_phone038.png,0.25,1,1,1,0,0,0,0.0,0.7256
test,images/test/phone_crack_phone038.png,0.5,1,1,1,0,0,0,0.0,0.7256
test,images/test/phone_crack_phone094.png,0.05,1,1,1,0,0,0,0.0,0.7922
test,images/test/phone_crack_phone094.png,0.1,1,1,1,0,0,0,0.0,0.7922
test,images/test/phone_crack_phone094.png,0.25,1,1,1,0,0,0,0.0,0.7922
test,images/test/phone_crack_phone094.png,0.5,1,1,1,0,0,0,0.0,0.7922
test,images/test/phone_crack_phone140.png,0.05,1,1,1,0,0,0,0.0,0.8074
test,images/test/phone_crack_phone140.png,0.1,1,1,1,0,0,0,0.0,0.8074
test,images/test/phone_crack_phone140.png,0.25,1,1,1,0,0,0,0.0,0.8074
test,images/test/phone_crack_phone140.png,0.5,1,1,1,0,0,0,0.0,0.8074
test,images/test/phone_crack_phone379.png,0.05,1,1,1,0,0,0,0.0,0.7746
test,images/test/phone_crack_phone379.png,0.1,1,1,1,0,0,0,0.0,0.7746
test,images/test/phone_crack_phone379.png,0.25,1,1,1,0,0,0,0.0,0.7746
test,images/test/phone_crack_phone379.png,0.5,1,1,1,0,0,0,0.0,0.7746
test,images/test/phone_crack_phone442.png,0.05,1,1,1,0,0,0,0.0,0.8168
test,images/test/phone_crack_phone442.png,0.1,1,1,1,0,0,0,0.0,0.8168
test,images/test/phone_crack_phone442.png,0.25,1,1,1,0,0,0,0.0,0.8168
test,images/test/phone_crack_phone442.png,0.5,1,1,1,0,0,0,0.0,0.8168
test,images/test/phone_crack_phone486.png,0.05,1,1,1,0,0,0,0.0,0.9241
test,images/test/phone_crack_phone486.png,0.1,1,1,1,0,0,0,0.0,0.9241
test,images/test/phone_crack_phone486.png,0.25,1,1,1,0,0,0,0.0,0.9241
test,images/test/phone_crack_phone486.png,0.5,1,1,1,0,0,0,0.0,0.9241
test,images/test/phone_crack_phone490.png,0.05,1,1,1,0,0,0,0.0,0.867
test,images/test/phone_crack_phone490.png,0.1,1,1,1,0,0,0,0.0,0.867
test,images/test/phone_crack_phone490.png,0.25,1,1,1,0,0,0,0.0,0.867
test,images/test/phone_crack_phone490.png,0.5,1,1,1,0,0,0,0.0,0.867
test,images/test/phone_crack_phone496.png,0.05,1,2,1,1,0,1,0.5904,0.811
test,images/test/phone_crack_phone496.png,0.1,1,1,1,0,0,0,0.0,0.811
test,images/test/phone_crack_phone496.png,0.25,1,1,1,0,0,0,0.0,0.811
test,images/test/phone_crack_phone496.png,0.5,1,1,1,0,0,0,0.0,0.811
test,images/test/phone_crack_phone516.png,0.05,1,1,1,0,0,0,0.0,0.8811
test,images/test/phone_crack_phone516.png,0.1,1,1,1,0,0,0,0.0,0.8811
test,images/test/phone_crack_phone516.png,0.25,1,1,1,0,0,0,0.0,0.8811
test,images/test/phone_crack_phone516.png,0.5,1,1,1,0,0,0,0.0,0.8811
test,images/test/phone_crack_phone526.png,0.05,1,2,1,1,0,1,0.6739,0.8178
test,images/test/phone_crack_phone526.png,0.1,1,2,1,1,0,1,0.6739,0.8178
test,images/test/phone_crack_phone526.png,0.25,1,2,1,1,0,1,0.6739,0.8178
test,images/test/phone_crack_phone526.png,0.5,1,2,1,1,0,1,0.6739,0.8178
test,images/test/phone_crack_phone544.png,0.05,1,1,1,0,0,0,0.0,0.7367
test,images/test/phone_crack_phone544.png,0.1,1,1,1,0,0,0,0.0,0.7367
test,images/test/phone_crack_phone544.png,0.25,1,1,1,0,0,0,0.0,0.7367
test,images/test/phone_crack_phone544.png,0.5,1,1,1,0,0,0,0.0,0.7367
test,images/test/phone_crack_phone716.png,0.05,1,2,1,1,0,0,0.1249,0.8744
test,images/test/phone_crack_phone716.png,0.1,1,2,1,1,0,0,0.1249,0.8744
test,images/test/phone_crack_phone716.png,0.25,1,1,1,0,0,0,0.0,0.8744
test,images/test/phone_crack_phone716.png,0.5,1,1,1,0,0,0,0.0,0.8744
test,images/test/phone_crack_phone742.png,0.05,1,1,1,0,0,0,0.0,0.7722
test,images/test/phone_crack_phone742.png,0.1,1,1,1,0,0,0,0.0,0.7722
test,images/test/phone_crack_phone742.png,0.25,1,1,1,0,0,0,0.0,0.7722
test,images/test/phone_crack_phone742.png,0.5,1,1,1,0,0,0,0.0,0.7722
test,images/test/phone_crack_phone752.png,0.05,1,1,1,0,0,0,0.0,0.8467
test,images/test/phone_crack_phone752.png,0.1,1,1,1,0,0,0,0.0,0.8467
test,images/test/phone_crack_phone752.png,0.25,1,1,1,0,0,0,0.0,0.8467
test,images/test/phone_crack_phone752.png,0.5,1,1,1,0,0,0,0.0,0.8467
test,images/test/phone_crack_phone869.png,0.05,1,1,1,0,0,0,0.0,0.7641
test,images/test/phone_crack_phone869.png,0.1,1,1,1,0,0,0,0.0,0.7641
test,images/test/phone_crack_phone869.png,0.25,1,1,1,0,0,0,0.0,0.7641
test,images/test/phone_crack_phone869.png,0.5,1,1,1,0,0,0,0.0,0.7641
test,images/test/phone_crack_phone879.png,0.05,1,1,0,1,1,0,0.0,0.8335
test,images/test/phone_crack_phone879.png,0.1,1,1,0,1,1,0,0.0,0.8335
test,images/test/phone_crack_phone879.png,0.25,1,1,0,1,1,0,0.0,0.8335
test,images/test/phone_crack_phone879.png,0.5,1,1,0,1,1,0,0.0,0.8335
test,images/test/phone_crack_phone891.png,0.05,1,1,1,0,0,0,0.0,0.7962
test,images/test/phone_crack_phone891.png,0.1,1,1,1,0,0,0,0.0,0.7962
test,images/test/phone_crack_phone891.png,0.25,1,1,1,0,0,0,0.0,0.7962
test,images/test/phone_crack_phone891.png,0.5,1,1,1,0,0,0,0.0,0.7962
test,images/test/phone_crack_phone903.png,0.05,1,1,1,0,0,0,0.0,0.9099
test,images/test/phone_crack_phone903.png,0.1,1,1,1,0,0,0,0.0,0.9099
test,images/test/phone_crack_phone903.png,0.25,1,1,1,0,0,0,0.0,0.9099
test,images/test/phone_crack_phone903.png,0.5,1,1,1,0,0,0,0.0,0.9099
test,images/test/phone_crack_phone951.png,0.05,1,1,1,0,0,0,0.0,0.8329
test,images/test/phone_crack_phone951.png,0.1,1,1,1,0,0,0,0.0,0.8329
test,images/test/phone_crack_phone951.png,0.25,1,1,1,0,0,0,0.0,0.8329
test,images/test/phone_crack_phone951.png,0.5,1,1,1,0,0,0,0.0,0.8329
test,images/test/phone_crack_phone973.png,0.05,1,1,1,0,0,0,0.0,0.8262
test,images/test/phone_crack_phone973.png,0.1,1,1,1,0,0,0,0.0,0.8262
test,images/test/phone_crack_phone973.png,0.25,1,1,1,0,0,0,0.0,0.8262
test,images/test/phone_crack_phone973.png,0.5,1,1,1,0,0,0,0.0,0.8262
test,images/test/phone_normal_phone080.png,0.05,0,0,0,0,0,0,0.0,0.0
test,images/test/phone_normal_phone080.png,0.1,0,0,0,0,0,0,0.0,0.0
test,images/test/phone_normal_phone080.png,0.25,0,0,0,0,0,0,0.0,0.0
test,images/test/phone_normal_phone080.png,0.5,0,0,0,0,0,0,0.0,0.0
test,images/test/phone_normal_phone124.png,0.05,0,0,0,0,0,0,0.0,0.0
test,images/test/phone_normal_phone124.png,0.1,0,0,0,0,0,0,0.0,0.0
test,images/test/phone_normal_phone124.png,0.25,0,0,0,0,0,0,0.0,0.0
test,images/test/phone_normal_phone124.png,0.5,0,0,0,0,0,0,0.0,0.0
test,images/test/phone_normal_phone148.png,0.05,0,0,0,0,0,0,0.0,0.0
test,images/test/phone_normal_phone148.png,0.1,0,0,0,0,0,0,0.0,0.0
test,images/test/phone_normal_phone148.png,0.25,0,0,0,0,0,0,0.0,0.0
test,images/test/phone_normal_phone148.png,0.5,0,0,0,0,0,0,0.0,0.0
test,images/test/phone_normal_phone162.png,0.05,0,0,0,0,0,0,0.0,0.0
test,images/test/phone_normal_phone162.png,0.1,0,0,0,0,0,0,0.0,0.0
test,images/test/phone_normal_phone162.png,0.25,0,0,0,0,0,0,0.0,0.0
test,images/test/phone_normal_phone162.png,0.5,0,0,0,0,0,0,0.0,0.0
test,images/test/phone_normal_phone191.png,0.05,0,0,0,0,0,0,0.0,0.0
test,images/test/phone_normal_phone191.png,0.1,0,0,0,0,0,0,0.0,0.0
test,images/test/phone_normal_phone191.png,0.25,0,0,0,0,0,0,0.0,0.0
test,images/test/phone_normal_phone191.png,0.5,0,0,0,0,0,0,0.0,0.0
test,images/test/phone_normal_phone227.png,0.05,0,0,0,0,0,0,0.0,0.0
test,images/test/phone_normal_phone227.png,0.1,0,0,0,0,0,0,0.0,0.0
test,images/test/phone_normal_phone227.png,0.25,0,0,0,0,0,0,0.0,0.0
test,images/test/phone_normal_phone227.png,0.5,0,0,0,0,0,0,0.0,0.0
test,images/test/phone_normal_phone256.png,0.05,0,0,0,0,0,0,0.0,0.0
test,images/test/phone_normal_phone256.png,0.1,0,0,0,0,0,0,0.0,0.0
test,images/test/phone_normal_phone256.png,0.25,0,0,0,0,0,0,0.0,0.0
test,images/test/phone_normal_phone256.png,0.5,0,0,0,0,0,0,0.0,0.0
