sample_id,image_name,image_path,mask_path,json_path,sample_type,is_labeled,source_split,device,defect_class,holdout_reason,split,video_id,video_name,frame_id,is_hard_normal,hard_score,hard_fp_pixel_count,hard_largest_fp_area,hard_max_prob,source_epoch
train_dphone_normal_dphone_463,dphone_463.jpg,/mimer/NOBACKUP/groups/smart-rail/Yi Yang/CV_contact_wire/dataset_crack_normal_unet_811/train/images/normal/dphone_463.jpg,/mimer/NOBACKUP/groups/smart-rail/Yi Yang/CV_contact_wire/dataset_crack_normal_unet_811/train/masks/normal/dphone_463.png,,normal,False,train,dphone,normal,,train,IMG_2709,IMG_2709.MOV,18205,1,48275055296.98242,55296,48275,0.982421875,24
train_dphone_normal_dphone_426,dphone_426.jpg,/mimer/NOBACKUP/groups/smart-rail/Yi Yang/CV_contact_wire/dataset_crack_normal_unet_811/train/images/normal/dphone_426.jpg,/mimer/NOBACKUP/groups/smart-rail/Yi Yang/CV_contact_wire/dataset_crack_normal_unet_811/train/masks/normal/dphone_426.png,,normal,False,train,dphone,normal,,train,IMG_2708,IMG_2708.MOV,20486,1,47760086211.97266,86211,47760,0.97265625,24
train_dphone_normal_dphone_360,dphone_360.jpg,/mimer/NOBACKUP/groups/smart-rail/Yi Yang/CV_contact_wire/dataset_crack_normal_unet_811/train/images/normal/dphone_360.jpg,/mimer/NOBACKUP/groups/smart-rail/Yi Yang/CV_contact_wire/dataset_crack_normal_unet_811/train/masks/normal/dphone_360.png,,normal,False,train,dphone,normal,,train,IMG_2707,IMG_2707.MOV,3278,1,43745106794.99658,106794,43745,0.99658203125,24
train_dphone_normal_dphone_418,dphone_418.jpg,/mimer/NOBACKUP/groups/smart-rail/Yi Yang/CV_contact_wire/dataset_crack_normal_unet_811/train/images/normal/dphone_418.jpg,/mimer/NOBACKUP/groups/smart-rail/Yi Yang/CV_contact_wire/dataset_crack_normal_unet_811/train/masks/normal/dphone_418.png,,normal,False,train,dphone,normal,,train,IMG_2708,IMG_2708.MOV,15943,1,39070062260.98193,62260,39070,0.98193359375,24
train_dphone_normal_dphone_368,dphone_368.jpg,/mimer/NOBACKUP/groups/smart-rail/Yi Yang/CV_contact_wire/dataset_crack_normal_unet_811/train/images/normal/dphone_368.jpg,/mimer/NOBACKUP/groups/smart-rail/Yi Yang/CV_contact_wire/dataset_crack_normal_unet_811/train/masks/normal/dphone_368.png,,normal,False,train,dphone,normal,,train,IMG_2707,IMG_2707.MOV,7553,1,38088077079.99805,77079,38088,0.998046875,24
train_dphone_normal_dphone_367,dphone_367.jpg,/mimer/NOBACKUP/groups/smart-rail/Yi Yang/CV_contact_wire/dataset_crack_normal_unet_811/train/images/normal/dphone_367.jpg,/mimer/NOBACKUP/groups/smart-rail/Yi Yang/CV_contact_wire/dataset_crack_normal_unet_811/train/masks/normal/dphone_367.png,,normal,False,train,dphone,normal,,train,IMG_2707,IMG_2707.MOV,7311,1,36059073506.97754,73506,36059,0.9775390625,24
train_dphone_normal_dphone_304,dphone_304.jpg,/mimer/NOBACKUP/groups/smart-rail/Yi Yang/CV_contact_wire/dataset_crack_normal_unet_811/train/images/normal/dphone_304.jpg,/mimer/NOBACKUP/groups/smart-rail/Yi Yang/CV_contact_wire/dataset_crack_normal_unet_811/train/masks/normal/dphone_304.png,,normal,False,train,dphone,normal,,train,IMG_2706,IMG_2706.MOV,2877,1,35136043635.98291,43635,35136,0.98291015625,24
train_dphone_normal_dphone_520,dphone_520.jpg,/mimer/NOBACKUP/groups/smart-rail/Yi Yang/CV_contact_wire/dataset_crack_normal_unet_811/train/images/normal/dphone_520.jpg,/mimer/NOBACKUP/groups/smart-rail/Yi Yang/CV_contact_wire/dataset_crack_normal_unet_811/train/masks/normal/dphone_520.png,,normal,False,train,dphone,normal,,train,IMG_2710,IMG_2710.MOV,29922,1,34735076194.98828,76194,34735,0.98828125,24
train_dphone_normal_dphone_441,dphone_441.jpg,/mimer/NOBACKUP/groups/smart-rail/Yi Yang/CV_contact_wire/dataset_crack_normal_unet_811/train/images/normal/dphone_441.jpg,/mimer/NOBACKUP/groups/smart-rail/Yi Yang/CV_contact_wire/dataset_crack_normal_unet_811/train/masks/normal/dphone_441.png,,normal,False,train,dphone,normal,,train,IMG_2709,IMG_2709.MOV,420,1,34312048347.978516,48347,34312,0.978515625,24
train_dphone_normal_dphone_298,dphone_298.jpg,/mimer/NOBACKUP/groups/smart-rail/Yi Yang/CV_contact_wire/dataset_crack_normal_unet_811/train/images/normal/dphone_298.jpg,/mimer/NOBACKUP/groups/smart-rail/Yi Yang/CV_contact_wire/dataset_crack_normal_unet_811/train/masks/normal/dphone_298.png,,normal,False,train,dphone,normal,,train,IMG_2705,IMG_2705.MOV,28763,1,33996055263.9541,55263,33996,0.9541015625,24
train_dphone_normal_dphone_511,dphone_511.jpg,/mimer/NOBACKUP/groups/smart-rail/Yi Yang/CV_contact_wire/dataset_crack_normal_unet_811/train/images/normal/dphone_511.jpg,/mimer/NOBACKUP/groups/smart-rail/Yi Yang/CV_contact_wire/dataset_crack_normal_unet_811/train/masks/normal/dphone_511.png,,normal,False,train,dphone,normal,,train,IMG_2710,IMG_2710.MOV,21535,1,27972031777.984375,31777,27972,0.984375,24
train_dphone_normal_dphone_289,dphone_289.jpg,/mimer/NOBACKUP/groups/smart-rail/Yi Yang/CV_contact_wire/dataset_crack_normal_unet_811/train/images/normal/dphone_289.jpg,/mimer/NOBACKUP/groups/smart-rail/Yi Yang/CV_contact_wire/dataset_crack_normal_unet_811/train/masks/normal/dphone_289.png,,normal,False,train,dphone,normal,,train,IMG_2705,IMG_2705.MOV,21227,1,26073033368.99121,33368,26073,0.9912109375,24
train_dphone_normal_dphone_333,dphone_333.jpg,/mimer/NOBACKUP/groups/smart-rail/Yi Yang/CV_contact_wire/dataset_crack_normal_unet_811/train/images/normal/dphone_333.jpg,/mimer/NOBACKUP/groups/smart-rail/Yi Yang/CV_contact_wire/dataset_crack_normal_unet_811/train/masks/normal/dphone_333.png,,normal,False,train,dphone,normal,,train,IMG_2706,IMG_2706.MOV,21614,1,25782071197.979492,71197,25782,0.9794921875,24
train_dphone_normal_dphone_311,dphone_311.jpg,/mimer/NOBACKUP/groups/smart-rail/Yi Yang/CV_contact_wire/dataset_crack_normal_unet_811/train/images/normal/dphone_311.jpg,/mimer/NOBACKUP/groups/smart-rail/Yi Yang/CV_contact_wire/dataset_crack_normal_unet_811/train/masks/normal/dphone_311.png,,normal,False,train,dphone,normal,,train,IMG_2706,IMG_2706.MOV,6633,1,24501031330.969727,31330,24501,0.9697265625,24
train_dphone_normal_dphone_404,dphone_404.jpg,/mimer/NOBACKUP/groups/smart-rail/Yi Yang/CV_contact_wire/dataset_crack_normal_unet_811/train/images/normal/dphone_404.jpg,/mimer/NOBACKUP/groups/smart-rail/Yi Yang/CV_contact_wire/dataset_crack_normal_unet_811/train/masks/normal/dphone_404.png,,normal,False,train,dphone,normal,,train,IMG_2708,IMG_2708.MOV,7641,1,22550043359.953125,43359,22550,0.953125,24
train_dphone_normal_dphone_427,dphone_427.jpg,/mimer/NOBACKUP/groups/smart-rail/Yi Yang/CV_contact_wire/dataset_crack_normal_unet_811/train/images/normal/dphone_427.jpg,/mimer/NOBACKUP/groups/smart-rail/Yi Yang/CV_contact_wire/dataset_crack_normal_unet_811/train/masks/normal/dphone_427.png,,normal,False,train,dphone,normal,,train,IMG_2708,IMG_2708.MOV,20753,1,21934022728.973633,22728,21934,0.9736328125,24
train_dphone_normal_dphone_307,dphone_307.jpg,/mimer/NOBACKUP/groups/smart-rail/Yi Yang/CV_contact_wire/dataset_crack_normal_unet_811/train/images/normal/dphone_307.jpg,/mimer/NOBACKUP/groups/smart-rail/Yi Yang/CV_contact_wire/dataset_crack_normal_unet_811/train/masks/normal/dphone_307.png,,normal,False,train,dphone,normal,,train,IMG_2706,IMG_2706.MOV,4594,1,21304025489.980957,25489,21304,0.98095703125,24
train_dphone_normal_dphone_501,dphone_501.jpg,/mimer/NOBACKUP/groups/smart-rail/Yi Yang/CV_contact_wire/dataset_crack_normal_unet_811/train/images/normal/dphone_501.jpg,/mimer/NOBACKUP/groups/smart-rail/Yi Yang/CV_contact_wire/dataset_crack_normal_unet_811/train/masks/normal/dphone_501.png,,normal,False,train,dphone,normal,,train,IMG_2710,IMG_2710.MOV,14001,1,21280021666.932617,21666,21280,0.9326171875,24
train_dphone_normal_dphone_275,dphone_275.jpg,/mimer/NOBACKUP/groups/smart-rail/Yi Yang/CV_contact_wire/dataset_crack_normal_unet_811/train/images/normal/dphone_275.jpg,/mimer/NOBACKUP/groups/smart-rail/Yi Yang/CV_contact_wire/dataset_crack_normal_unet_811/train/masks/normal/dphone_275.png,,normal,False,train,dphone,normal,,train,IMG_2705,IMG_2705.MOV,6988,1,21035023024.989746,23024,21035,0.98974609375,24
train_dphone_normal_dphone_299,dphone_299.jpg,/mimer/NOBACKUP/groups/smart-rail/Yi Yang/CV_contact_wire/dataset_crack_normal_unet_811/train/images/normal/dphone_299.jpg,/mimer/NOBACKUP/groups/smart-rail/Yi Yang/CV_contact_wire/dataset_crack_normal_unet_811/train/masks/normal/dphone_299.png,,normal,False,train,dphone,normal,,train,IMG_2705,IMG_2705.MOV,28985,1,20787029173.931152,29173,20787,0.93115234375,24
train_dphone_normal_dphone_355,dphone_355.jpg,/mimer/NOBACKUP/groups/smart-rail/Yi Yang/CV_contact_wire/dataset_crack_normal_unet_811/train/images/normal/dphone_355.jpg,/mimer/NOBACKUP/groups/smart-rail/Yi Yang/CV_contact_wire/dataset_crack_normal_unet_811/train/masks/normal/dphone_355.png,,normal,False,train,dphone,normal,,train,IMG_2707,IMG_2707.MOV,543,1,20557064933.967773,64933,20557,0.9677734375,24
train_dphone_normal_dphone_430,dphone_430.jpg,/mimer/NOBACKUP/groups/smart-rail/Yi Yang/CV_contact_wire/dataset_crack_normal_unet_811/train/images/normal/dphone_430.jpg,/mimer/NOBACKUP/groups/smart-rail/Yi Yang/CV_contact_wire/dataset_crack_normal_unet_811/train/masks/normal/dphone_430.png,,normal,False,train,dphone,normal,,train,IMG_2708,IMG_2708.MOV,23149,1,20472028267.98633,28267,20472,0.986328125,24
train_dphone_normal_dphone_366,dphone_366.jpg,/mimer/NOBACKUP/groups/smart-rail/Yi Yang/CV_contact_wire/dataset_crack_normal_unet_811/train/images/normal/dphone_366.jpg,/mimer/NOBACKUP/groups/smart-rail/Yi Yang/CV_contact_wire/dataset_crack_normal_unet_811/train/masks/normal/dphone_366.png,,normal,False,train,dphone,normal,,train,IMG_2707,IMG_2707.MOV,7062,1,20336028511.979004,28511,20336,0.97900390625,24
train_dphone_normal_dphone_282,dphone_282.jpg,/mimer/NOBACKUP/groups/smart-rail/Yi Yang/CV_contact_wire/dataset_crack_normal_unet_811/train/images/normal/dphone_282.jpg,/mimer/NOBACKUP/groups/smart-rail/Yi Yang/CV_contact_wire/dataset_crack_normal_unet_811/train/masks/normal/dphone_282.png,,normal,False,train,dphone,normal,,train,IMG_2705,IMG_2705.MOV,13577,1,20263040175.96924,40175,20263,0.96923828125,24
train_dphone_normal_dphone_517,dphone_517.jpg,/mimer/NOBACKUP/groups/smart-rail/Yi Yang/CV_contact_wire/dataset_crack_normal_unet_811/train/images/normal/dphone_517.jpg,/mimer/NOBACKUP/groups/smart-rail/Yi Yang/CV_contact_wire/dataset_crack_normal_unet_811/train/masks/normal/dphone_517.png,,normal,False,train,dphone,normal,,train,IMG_2710,IMG_2710.MOV,27739,1,19786026992.96924,26992,19786,0.96923828125,24
train_dphone_normal_dphone_358,dphone_358.jpg,/mimer/NOBACKUP/groups/smart-rail/Yi Yang/CV_contact_wire/dataset_crack_normal_unet_811/train/images/normal/dphone_358.jpg,/mimer/NOBACKUP/groups/smart-rail/Yi Yang/CV_contact_wire/dataset_crack_normal_unet_811/train/masks/normal/dphone_358.png,,normal,False,train,dphone,normal,,train,IMG_2707,IMG_2707.MOV,2735,1,19751034867.961914,34867,19751,0.9619140625,24
train_dphone_normal_dphone_387,dphone_387.jpg,/mimer/NOBACKUP/groups/smart-rail/Yi Yang/CV_contact_wire/dataset_crack_normal_unet_811/train/images/normal/dphone_387.jpg,/mimer/NOBACKUP/groups/smart-rail/Yi Yang/CV_contact_wire/dataset_crack_normal_unet_811/train/masks/normal/dphone_387.png,,normal,False,train,dphone,normal,,train,IMG_2707,IMG_2707.MOV,20577,1,19179027732.96826,27732,19179,0.96826171875,24
train_dphone_normal_dphone_519,dphone_519.jpg,/mimer/NOBACKUP/groups/smart-rail/Yi Yang/CV_contact_wire/dataset_crack_normal_unet_811/train/images/normal/dphone_519.jpg,/mimer/NOBACKUP/groups/smart-rail/Yi Yang/CV_contact_wire/dataset_crack_normal_unet_811/train/masks/normal/dphone_519.png,,normal,False,train,dphone,normal,,train,IMG_2710,IMG_2710.MOV,29670,1,18986027679.98877,27679,18986,0.98876953125,24
train_dphone_normal_dphone_294,dphone_294.jpg,/mimer/NOBACKUP/groups/smart-rail/Yi Yang/CV_contact_wire/dataset_crack_normal_unet_811/train/images/normal/dphone_294.jpg,/mimer/NOBACKUP/groups/smart-rail/Yi Yang/CV_contact_wire/dataset_crack_normal_unet_811/train/masks/normal/dphone_294.png,,normal,False,train,dphone,normal,,train,IMG_2705,IMG_2705.MOV,26255,1,18970037547.95752,37547,18970,0.95751953125,24
train_dphone_normal_dphone_444,dphone_444.jpg,/mimer/NOBACKUP/groups/smart-rail/Yi Yang/CV_contact_wire/dataset_crack_normal_unet_811/train/images/normal/dphone_444.jpg,/mimer/NOBACKUP/groups/smart-rail/Yi Yang/CV_contact_wire/dataset_crack_normal_unet_811/train/masks/normal/dphone_444.png,,normal,False,train,dphone,normal,,train,IMG_2709,IMG_2709.MOV,4526,1,18737035346.973145,35346,18737,0.97314453125,24
train_dphone_normal_dphone_399,dphone_399.jpg,/mimer/NOBACKUP/groups/smart-rail/Yi Yang/CV_contact_wire/dataset_crack_normal_unet_811/train/images/normal/dphone_399.jpg,/mimer/NOBACKUP/groups/smart-rail/Yi Yang/CV_contact_wire/dataset_crack_normal_unet_811/train/masks/normal/dphone_399.png,,normal,False,train,dphone,normal,,train,IMG_2708,IMG_2708.MOV,3801,1,17825047777.998047,47777,17825,0.998046875,24
train_dphone_normal_dphone_402,dphone_402.jpg,/mimer/NOBACKUP/groups/smart-rail/Yi Yang/CV_contact_wire/dataset_crack_normal_unet_811/train/images/normal/dphone_402.jpg,/mimer/NOBACKUP/groups/smart-rail/Yi Yang/CV_contact_wire/dataset_crack_normal_unet_811/train/masks/normal/dphone_402.png,,normal,False,train,dphone,normal,,train,IMG_2708,IMG_2708.MOV,5535,1,17197017542.904785,17542,17197,0.90478515625,24
train_dphone_normal_dphone_514,dphone_514.jpg,/mimer/NOBACKUP/groups/smart-rail/Yi Yang/CV_contact_wire/dataset_crack_normal_unet_811/train/images/normal/dphone_514.jpg,/mimer/NOBACKUP/groups/smart-rail/Yi Yang/CV_contact_wire/dataset_crack_normal_unet_811/train/masks/normal/dphone_514.png,,normal,False,train,dphone,normal,,train,IMG_2710,IMG_2710.MOV,24346,1,17067036933.972656,36933,17067,0.97265625,24
train_dphone_normal_dphone_372,dphone_372.jpg,/mimer/NOBACKUP/groups/smart-rail/Yi Yang/CV_contact_wire/dataset_crack_normal_unet_811/train/images/normal/dphone_372.jpg,/mimer/NOBACKUP/groups/smart-rail/Yi Yang/CV_contact_wire/dataset_crack_normal_unet_811/train/masks/normal/dphone_372.png,,normal,False,train,dphone,normal,,train,IMG_2707,IMG_2707.MOV,9810,1,16705049170.997559,49170,16705,0.99755859375,24
train_dphone_normal_dphone_313,dphone_313.jpg,/mimer/NOBACKUP/groups/smart-rail/Yi Yang/CV_contact_wire/dataset_crack_normal_unet_811/train/images/normal/dphone_313.jpg,/mimer/NOBACKUP/groups/smart-rail/Yi Yang/CV_contact_wire/dataset_crack_normal_unet_811/train/masks/normal/dphone_313.png,,normal,False,train,dphone,normal,,train,IMG_2706,IMG_2706.MOV,8212,1,16485035997.958984,35997,16485,0.958984375,24
train_dphone_normal_dphone_492,dphone_492.jpg,/mimer/NOBACKUP/groups/smart-rail/Yi Yang/CV_contact_wire/dataset_crack_normal_unet_811/train/images/normal/dphone_492.jpg,/mimer/NOBACKUP/groups/smart-rail/Yi Yang/CV_contact_wire/dataset_crack_normal_unet_811/train/masks/normal/dphone_492.png,,normal,False,train,dphone,normal,,train,IMG_2710,IMG_2710.MOV,8248,1,15916023569.963867,23569,15916,0.9638671875,24
train_dphone_normal_dphone_126,dphone_126.jpg,/mimer/NOBACKUP/groups/smart-rail/Yi Yang/CV_contact_wire/dataset_crack_normal_unet_811/train/images/normal/dphone_126.jpg,/mimer/NOBACKUP/groups/smart-rail/Yi Yang/CV_contact_wire/dataset_crack_normal_unet_811/train/masks/normal/dphone_126.png,,normal,False,train,dphone,normal,,train,IMG_1265,IMG_1265.MOV,9983,1,15834019761.921387,19761,15834,0.92138671875,24
train_dphone_normal_dphone_374,dphone_374.jpg,/mimer/NOBACKUP/groups/smart-rail/Yi Yang/CV_contact_wire/dataset_crack_normal_unet_811/train/images/normal/dphone_374.jpg,/mimer/NOBACKUP/groups/smart-rail/Yi Yang/CV_contact_wire/dataset_crack_normal_unet_811/train/masks/normal/dphone_374.png,,normal,False,train,dphone,normal,,train,IMG_2707,IMG_2707.MOV,11169,1,15784049377.93457,49377,15784,0.9345703125,24
train_dphone_normal_dphone_476,dphone_476.jpg,/mimer/NOBACKUP/groups/smart-rail/Yi Yang/CV_contact_wire/dataset_crack_normal_unet_811/train/images/normal/dphone_476.jpg,/mimer/NOBACKUP/groups/smart-rail/Yi Yang/CV_contact_wire/dataset_crack_normal_unet_811/train/masks/normal/dphone_476.png,,normal,False,train,dphone,normal,,train,IMG_2709,IMG_2709.MOV,27192,1,15333033950.925293,33950,15333,0.92529296875,24
train_dphone_normal_dphone_496,dphone_496.jpg,/mimer/NOBACKUP/groups/smart-rail/Yi Yang/CV_contact_wire/dataset_crack_normal_unet_811/train/images/normal/dphone_496.jpg,/mimer/NOBACKUP/groups/smart-rail/Yi Yang/CV_contact_wire/dataset_crack_normal_unet_811/train/masks/normal/dphone_496.png,,normal,False,train,dphone,normal,,train,IMG_2710,IMG_2710.MOV,10938,1,15313034950.964355,34950,15313,0.96435546875,24
train_dphone_normal_dphone_503,dphone_503.jpg,/mimer/NOBACKUP/groups/smart-rail/Yi Yang/CV_contact_wire/dataset_crack_normal_unet_811/train/images/normal/dphone_503.jpg,/mimer/NOBACKUP/groups/smart-rail/Yi Yang/CV_contact_wire/dataset_crack_normal_unet_811/train/masks/normal/dphone_503.png,,normal,False,train,dphone,normal,,train,IMG_2710,IMG_2710.MOV,16517,1,15022022930.96045,22930,15022,0.96044921875,24
train_dphone_normal_dphone_302,dphone_302.jpg,/mimer/NOBACKUP/groups/smart-rail/Yi Yang/CV_contact_wire/dataset_crack_normal_unet_811/train/images/normal/dphone_302.jpg,/mimer/NOBACKUP/groups/smart-rail/Yi Yang/CV_contact_wire/dataset_crack_normal_unet_811/train/masks/normal/dphone_302.png,,normal,False,train,dphone,normal,,train,IMG_2706,IMG_2706.MOV,381,1,14970034978.958496,34978,14970,0.95849609375,24
train_dphone_normal_dphone_363,dphone_363.jpg,/mimer/NOBACKUP/groups/smart-rail/Yi Yang/CV_contact_wire/dataset_crack_normal_unet_811/train/images/normal/dphone_363.jpg,/mimer/NOBACKUP/groups/smart-rail/Yi Yang/CV_contact_wire/dataset_crack_normal_unet_811/train/masks/normal/dphone_363.png,,normal,False,train,dphone,normal,,train,IMG_2707,IMG_2707.MOV,5118,1,14706023010.975586,23010,14706,0.9755859375,24
train_dphone_normal_dphone_288,dphone_288.jpg,/mimer/NOBACKUP/groups/smart-rail/Yi Yang/CV_contact_wire/dataset_crack_normal_unet_811/train/images/normal/dphone_288.jpg,/mimer/NOBACKUP/groups/smart-rail/Yi Yang/CV_contact_wire/dataset_crack_normal_unet_811/train/masks/normal/dphone_288.png,,normal,False,train,dphone,normal,,train,IMG_2705,IMG_2705.MOV,20956,1,14307044371.961426,44371,14307,0.96142578125,24
train_dphone_normal_dphone_407,dphone_407.jpg,/mimer/NOBACKUP/groups/smart-rail/Yi Yang/CV_contact_wire/dataset_crack_normal_unet_811/train/images/normal/dphone_407.jpg,/mimer/NOBACKUP/groups/smart-rail/Yi Yang/CV_contact_wire/dataset_crack_normal_unet_811/train/masks/normal/dphone_407.png,,normal,False,train,dphone,normal,,train,IMG_2708,IMG_2708.MOV,11066,1,14296028312.90332,28312,14296,0.9033203125,24
train_dphone_normal_dphone_292,dphone_292.jpg,/mimer/NOBACKUP/groups/smart-rail/Yi Yang/CV_contact_wire/dataset_crack_normal_unet_811/train/images/normal/dphone_292.jpg,/mimer/NOBACKUP/groups/smart-rail/Yi Yang/CV_contact_wire/dataset_crack_normal_unet_811/train/masks/normal/dphone_292.png,,normal,False,train,dphone,normal,,train,IMG_2705,IMG_2705.MOV,22763,1,13695020039.934082,20039,13695,0.93408203125,24
train_dphone_normal_dphone_497,dphone_497.jpg,/mimer/NOBACKUP/groups/smart-rail/Yi Yang/CV_contact_wire/dataset_crack_normal_unet_811/train/images/normal/dphone_497.jpg,/mimer/NOBACKUP/groups/smart-rail/Yi Yang/CV_contact_wire/dataset_crack_normal_unet_811/train/masks/normal/dphone_497.png,,normal,False,train,dphone,normal,,train,IMG_2710,IMG_2710.MOV,11204,1,13510038040.98877,38040,13510,0.98876953125,24
train_dphone_normal_dphone_481,dphone_481.jpg,/mimer/NOBACKUP/groups/smart-rail/Yi Yang/CV_contact_wire/dataset_crack_normal_unet_811/train/images/normal/dphone_481.jpg,/mimer/NOBACKUP/groups/smart-rail/Yi Yang/CV_contact_wire/dataset_crack_normal_unet_811/train/masks/normal/dphone_481.png,,normal,False,train,dphone,normal,,train,IMG_2710,IMG_2710.MOV,351,1,12910015577.922363,15577,12910,0.92236328125,24
train_dphone_normal_dphone_343,dphone_343.jpg,/mimer/NOBACKUP/groups/smart-rail/Yi Yang/CV_contact_wire/dataset_crack_normal_unet_811/train/images/normal/dphone_343.jpg,/mimer/NOBACKUP/groups/smart-rail/Yi Yang/CV_contact_wire/dataset_crack_normal_unet_811/train/masks/normal/dphone_343.png,,normal,False,train,dphone,normal,,train,IMG_2706,IMG_2706.MOV,26284,1,12663016894.896973,16894,12663,0.89697265625,24
train_dphone_normal_dphone_479,dphone_479.jpg,/mimer/NOBACKUP/groups/smart-rail/Yi Yang/CV_contact_wire/dataset_crack_normal_unet_811/train/images/normal/dphone_479.jpg,/mimer/NOBACKUP/groups/smart-rail/Yi Yang/CV_contact_wire/dataset_crack_normal_unet_811/train/masks/normal/dphone_479.png,,normal,False,train,dphone,normal,,train,IMG_2710,IMG_2710.MOV,84,1,12517024290.939453,24290,12517,0.939453125,24
train_dphone_normal_dphone_379,dphone_379.jpg,/mimer/NOBACKUP/groups/smart-rail/Yi Yang/CV_contact_wire/dataset_crack_normal_unet_811/train/images/normal/dphone_379.jpg,/mimer/NOBACKUP/groups/smart-rail/Yi Yang/CV_contact_wire/dataset_crack_normal_unet_811/train/masks/normal/dphone_379.png,,normal,False,train,dphone,normal,,train,IMG_2707,IMG_2707.MOV,16188,1,12415022024.91211,22024,12415,0.912109375,24
train_dphone_normal_dphone_351,dphone_351.jpg,/mimer/NOBACKUP/groups/smart-rail/Yi Yang/CV_contact_wire/dataset_crack_normal_unet_811/train/images/normal/dphone_351.jpg,/mimer/NOBACKUP/groups/smart-rail/Yi Yang/CV_contact_wire/dataset_crack_normal_unet_811/train/masks/normal/dphone_351.png,,normal,False,train,dphone,normal,,train,IMG_2706,IMG_2706.MOV,30700,1,12049025762.916504,25762,12049,0.91650390625,24
train_dphone_normal_dphone_403,dphone_403.jpg,/mimer/NOBACKUP/groups/smart-rail/Yi Yang/CV_contact_wire/dataset_crack_normal_unet_811/train/images/normal/dphone_403.jpg,/mimer/NOBACKUP/groups/smart-rail/Yi Yang/CV_contact_wire/dataset_crack_normal_unet_811/train/masks/normal/dphone_403.png,,normal,False,train,dphone,normal,,train,IMG_2708,IMG_2708.MOV,5739,1,11802027514.970703,27514,11802,0.970703125,24
train_dphone_normal_dphone_345,dphone_345.jpg,/mimer/NOBACKUP/groups/smart-rail/Yi Yang/CV_contact_wire/dataset_crack_normal_unet_811/train/images/normal/dphone_345.jpg,/mimer/NOBACKUP/groups/smart-rail/Yi Yang/CV_contact_wire/dataset_crack_normal_unet_811/train/masks/normal/dphone_345.png,,normal,False,train,dphone,normal,,train,IMG_2706,IMG_2706.MOV,26839,1,11771025613.958984,25613,11771,0.958984375,24
train_dphone_normal_dphone_442,dphone_442.jpg,/mimer/NOBACKUP/groups/smart-rail/Yi Yang/CV_contact_wire/dataset_crack_normal_unet_811/train/images/normal/dphone_442.jpg,/mimer/NOBACKUP/groups/smart-rail/Yi Yang/CV_contact_wire/dataset_crack_normal_unet_811/train/masks/normal/dphone_442.png,,normal,False,train,dphone,normal,,train,IMG_2709,IMG_2709.MOV,678,1,11603025368.955078,25368,11603,0.955078125,24
train_dphone_normal_dphone_398,dphone_398.jpg,/mimer/NOBACKUP/groups/smart-rail/Yi Yang/CV_contact_wire/dataset_crack_normal_unet_811/train/images/normal/dphone_398.jpg,/mimer/NOBACKUP/groups/smart-rail/Yi Yang/CV_contact_wire/dataset_crack_normal_unet_811/train/masks/normal/dphone_398.png,,normal,False,train,dphone,normal,,train,IMG_2708,IMG_2708.MOV,3531,1,11590030473.96582,30473,11590,0.9658203125,24
train_dphone_normal_dphone_324,dphone_324.jpg,/mimer/NOBACKUP/groups/smart-rail/Yi Yang/CV_contact_wire/dataset_crack_normal_unet_811/train/images/normal/dphone_324.jpg,/mimer/NOBACKUP/groups/smart-rail/Yi Yang/CV_contact_wire/dataset_crack_normal_unet_811/train/masks/normal/dphone_324.png,,normal,False,train,dphone,normal,,train,IMG_2706,IMG_2706.MOV,14181,1,11296012376.922852,12376,11296,0.9228515625,24
train_dphone_normal_dphone_291,dphone_291.jpg,/mimer/NOBACKUP/groups/smart-rail/Yi Yang/CV_contact_wire/dataset_crack_normal_unet_811/train/images/normal/dphone_291.jpg,/mimer/NOBACKUP/groups/smart-rail/Yi Yang/CV_contact_wire/dataset_crack_normal_unet_811/train/masks/normal/dphone_291.png,,normal,False,train,dphone,normal,,train,IMG_2705,IMG_2705.MOV,22474,1,10286017629.953125,17629,10286,0.953125,24
train_dphone_normal_dphone_487,dphone_487.jpg,/mimer/NOBACKUP/groups/smart-rail/Yi Yang/CV_contact_wire/dataset_crack_normal_unet_811/train/images/normal/dphone_487.jpg,/mimer/NOBACKUP/groups/smart-rail/Yi Yang/CV_contact_wire/dataset_crack_normal_unet_811/train/masks/normal/dphone_487.png,,normal,False,train,dphone,normal,,train,IMG_2710,IMG_2710.MOV,5550,1,10244019619.958008,19619,10244,0.9580078125,24
train_dphone_normal_dphone_335,dphone_335.jpg,/mimer/NOBACKUP/groups/smart-rail/Yi Yang/CV_contact_wire/dataset_crack_normal_unet_811/train/images/normal/dphone_335.jpg,/mimer/NOBACKUP/groups/smart-rail/Yi Yang/CV_contact_wire/dataset_crack_normal_unet_811/train/masks/normal/dphone_335.png,,normal,False,train,dphone,normal,,train,IMG_2706,IMG_2706.MOV,22124,1,10234030889.987793,30889,10234,0.98779296875,24
train_dphone_normal_dphone_273,dphone_273.jpg,/mimer/NOBACKUP/groups/smart-rail/Yi Yang/CV_contact_wire/dataset_crack_normal_unet_811/train/images/normal/dphone_273.jpg,/mimer/NOBACKUP/groups/smart-rail/Yi Yang/CV_contact_wire/dataset_crack_normal_unet_811/train/masks/normal/dphone_273.png,,normal,False,train,dphone,normal,,train,IMG_2705,IMG_2705.MOV,3445,1,10125017044.992676,17044,10125,0.99267578125,24
train_camera_normal_camera001,camera001.png,/mimer/NOBACKUP/groups/smart-rail/Yi Yang/CV_contact_wire/dataset_crack_normal_unet_811/train/images/normal/camera001.png,/mimer/NOBACKUP/groups/smart-rail/Yi Yang/CV_contact_wire/dataset_crack_normal_unet_811/train/masks/normal/camera001.png,,normal,False,train,camera,normal,,train,MVI_7576,MVI_7576.MOV,803,1,10036013056.970703,13056,10036,0.970703125,24
train_dphone_normal_dphone_318,dphone_318.jpg,/mimer/NOBACKUP/groups/smart-rail/Yi Yang/CV_contact_wire/dataset_crack_normal_unet_811/train/images/normal/dphone_318.jpg,/mimer/NOBACKUP/groups/smart-rail/Yi Yang/CV_contact_wire/dataset_crack_normal_unet_811/train/masks/normal/dphone_318.png,,normal,False,train,dphone,normal,,train,IMG_2706,IMG_2706.MOV,10145,1,9933032625.902832,32625,9933,0.90283203125,24
train_camera_normal_camera015,camera015.png,/mimer/NOBACKUP/groups/smart-rail/Yi Yang/CV_contact_wire/dataset_crack_normal_unet_811/train/images/normal/camera015.png,/mimer/NOBACKUP/groups/smart-rail/Yi Yang/CV_contact_wire/dataset_crack_normal_unet_811/train/masks/normal/camera015.png,,normal,False,train,camera,normal,,train,MVI_7576,MVI_7576.MOV,4932,1,9639009639.898438,9639,9639,0.8984375,24
train_dphone_normal_dphone_445,dphone_445.jpg,/mimer/NOBACKUP/groups/smart-rail/Yi Yang/CV_contact_wire/dataset_crack_normal_unet_811/train/images/normal/dphone_445.jpg,/mimer/NOBACKUP/groups/smart-rail/Yi Yang/CV_contact_wire/dataset_crack_normal_unet_811/train/masks/normal/dphone_445.png,,normal,False,train,dphone,normal,,train,IMG_2709,IMG_2709.MOV,4749,1,9612026555.985352,26555,9612,0.9853515625,24
train_dphone_normal_dphone_041,dphone_041.jpg,/mimer/NOBACKUP/groups/smart-rail/Yi Yang/CV_contact_wire/dataset_crack_normal_unet_811/train/images/normal/dphone_041.jpg,/mimer/NOBACKUP/groups/smart-rail/Yi Yang/CV_contact_wire/dataset_crack_normal_unet_811/train/masks/normal/dphone_041.png,,normal,False,train,dphone,normal,,train,IMG_1264,IMG_1264.MOV,586,1,9513010482.842773,10482,9513,0.8427734375,24
train_dphone_normal_dphone_348,dphone_348.jpg,/mimer/NOBACKUP/groups/smart-rail/Yi Yang/CV_contact_wire/dataset_crack_normal_unet_811/train/images/normal/dphone_348.jpg,/mimer/NOBACKUP/groups/smart-rail/Yi Yang/CV_contact_wire/dataset_crack_normal_unet_811/train/masks/normal/dphone_348.png,,normal,False,train,dphone,normal,,train,IMG_2706,IMG_2706.MOV,28588,1,9448021644.953125,21644,9448,0.953125,24
train_dphone_normal_dphone_317,dphone_317.jpg,/mimer/NOBACKUP/groups/smart-rail/Yi Yang/CV_contact_wire/dataset_crack_normal_unet_811/train/images/normal/dphone_317.jpg,/mimer/NOBACKUP/groups/smart-rail/Yi Yang/CV_contact_wire/dataset_crack_normal_unet_811/train/masks/normal/dphone_317.png,,normal,False,train,dphone,normal,,train,IMG_2706,IMG_2706.MOV,9875,1,9157015267.948242,15267,9157,0.9482421875,24
train_dphone_normal_dphone_464,dphone_464.jpg,/mimer/NOBACKUP/groups/smart-rail/Yi Yang/CV_contact_wire/dataset_crack_normal_unet_811/train/images/normal/dphone_464.jpg,/mimer/NOBACKUP/groups/smart-rail/Yi Yang/CV_contact_wire/dataset_crack_normal_unet_811/train/masks/normal/dphone_464.png,,normal,False,train,dphone,normal,,train,IMG_2709,IMG_2709.MOV,18476,1,9145014430.963379,14430,9145,0.96337890625,24
train_dphone_normal_dphone_371,dphone_371.jpg,/mimer/NOBACKUP/groups/smart-rail/Yi Yang/CV_contact_wire/dataset_crack_normal_unet_811/train/images/normal/dphone_371.jpg,/mimer/NOBACKUP/groups/smart-rail/Yi Yang/CV_contact_wire/dataset_crack_normal_unet_811/train/masks/normal/dphone_371.png,,normal,False,train,dphone,normal,,train,IMG_2707,IMG_2707.MOV,9567,1,8898014844.888184,14844,8898,0.88818359375,24
train_dphone_normal_dphone_491,dphone_491.jpg,/mimer/NOBACKUP/groups/smart-rail/Yi Yang/CV_contact_wire/dataset_crack_normal_unet_811/train/images/normal/dphone_491.jpg,/mimer/NOBACKUP/groups/smart-rail/Yi Yang/CV_contact_wire/dataset_crack_normal_unet_811/train/masks/normal/dphone_491.png,,normal,False,train,dphone,normal,,train,IMG_2710,IMG_2710.MOV,7983,1,8790016374.921387,16374,8790,0.92138671875,24
train_dphone_normal_dphone_516,dphone_516.jpg,/mimer/NOBACKUP/groups/smart-rail/Yi Yang/CV_contact_wire/dataset_crack_normal_unet_811/train/images/normal/dphone_516.jpg,/mimer/NOBACKUP/groups/smart-rail/Yi Yang/CV_contact_wire/dataset_crack_normal_unet_811/train/masks/normal/dphone_516.png,,normal,False,train,dphone,normal,,train,IMG_2710,IMG_2710.MOV,27475,1,8785029713.918457,29713,8785,0.91845703125,24
train_dphone_normal_dphone_327,dphone_327.jpg,/mimer/NOBACKUP/groups/smart-rail/Yi Yang/CV_contact_wire/dataset_crack_normal_unet_811/train/images/normal/dphone_327.jpg,/mimer/NOBACKUP/groups/smart-rail/Yi Yang/CV_contact_wire/dataset_crack_normal_unet_811/train/masks/normal/dphone_327.png,,normal,False,train,dphone,normal,,train,IMG_2706,IMG_2706.MOV,17339,1,8743026615.967285,26615,8743,0.96728515625,24
train_dphone_normal_dphone_305,dphone_305.jpg,/mimer/NOBACKUP/groups/smart-rail/Yi Yang/CV_contact_wire/dataset_crack_normal_unet_811/train/images/normal/dphone_305.jpg,/mimer/NOBACKUP/groups/smart-rail/Yi Yang/CV_contact_wire/dataset_crack_normal_unet_811/train/masks/normal/dphone_305.png,,normal,False,train,dphone,normal,,train,IMG_2706,IMG_2706.MOV,3106,1,8602013398.931152,13398,8602,0.93115234375,24
train_dphone_normal_dphone_414,dphone_414.jpg,/mimer/NOBACKUP/groups/smart-rail/Yi Yang/CV_contact_wire/dataset_crack_normal_unet_811/train/images/normal/dphone_414.jpg,/mimer/NOBACKUP/groups/smart-rail/Yi Yang/CV_contact_wire/dataset_crack_normal_unet_811/train/masks/normal/dphone_414.png,,normal,False,train,dphone,normal,,train,IMG_2708,IMG_2708.MOV,13409,1,8421020934.9375,20934,8421,0.9375,24
train_dphone_normal_dphone_131,dphone_131.jpg,/mimer/NOBACKUP/groups/smart-rail/Yi Yang/CV_contact_wire/dataset_crack_normal_unet_811/train/images/normal/dphone_131.jpg,/mimer/NOBACKUP/groups/smart-rail/Yi Yang/CV_contact_wire/dataset_crack_normal_unet_811/train/masks/normal/dphone_131.png,,normal,False,train,dphone,normal,,train,IMG_1265,IMG_1265.MOV,12114,1,8385008482.999023,8482,8385,0.9990234375,24
train_dphone_normal_dphone_326,dphone_326.jpg,/mimer/NOBACKUP/groups/smart-rail/Yi Yang/CV_contact_wire/dataset_crack_normal_unet_811/train/images/normal/dphone_326.jpg,/mimer/NOBACKUP/groups/smart-rail/Yi Yang/CV_contact_wire/dataset_crack_normal_unet_811/train/masks/normal/dphone_326.png,,normal,False,train,dphone,normal,,train,IMG_2706,IMG_2706.MOV,17078,1,8366009404.866211,9404,8366,0.8662109375,24
train_dphone_normal_dphone_513,dphone_513.jpg,/mimer/NOBACKUP/groups/smart-rail/Yi Yang/CV_contact_wire/dataset_crack_normal_unet_811/train/images/normal/dphone_513.jpg,/mimer/NOBACKUP/groups/smart-rail/Yi Yang/CV_contact_wire/dataset_crack_normal_unet_811/train/masks/normal/dphone_513.png,,normal,False,train,dphone,normal,,train,IMG_2710,IMG_2710.MOV,24085,1,8321027381.939941,27381,8321,0.93994140625,24
train_dphone_normal_dphone_113,dphone_113.jpg,/mimer/NOBACKUP/groups/smart-rail/Yi Yang/CV_contact_wire/dataset_crack_normal_unet_811/train/images/normal/dphone_113.jpg,/mimer/NOBACKUP/groups/smart-rail/Yi Yang/CV_contact_wire/dataset_crack_normal_unet_811/train/masks/normal/dphone_113.png,,normal,False,train,dphone,normal,,train,IMG_1265,IMG_1265.MOV,3381,1,8284011304.996094,11304,8284,0.99609375,24
train_dphone_normal_dphone_395,dphone_395.jpg,/mimer/NOBACKUP/groups/smart-rail/Yi Yang/CV_contact_wire/dataset_crack_normal_unet_811/train/images/normal/dphone_395.jpg,/mimer/NOBACKUP/groups/smart-rail/Yi Yang/CV_contact_wire/dataset_crack_normal_unet_811/train/masks/normal/dphone_395.png,,normal,False,train,dphone,normal,,train,IMG_2708,IMG_2708.MOV,1020,1,8174025639.949219,25639,8174,0.94921875,24
train_dphone_normal_dphone_330,dphone_330.jpg,/mimer/NOBACKUP/groups/smart-rail/Yi Yang/CV_contact_wire/dataset_crack_normal_unet_811/train/images/normal/dphone_330.jpg,/mimer/NOBACKUP/groups/smart-rail/Yi Yang/CV_contact_wire/dataset_crack_normal_unet_811/train/masks/normal/dphone_330.png,,normal,False,train,dphone,normal,,train,IMG_2706,IMG_2706.MOV,19053,1,8077021552.937988,21552,8077,0.93798828125,24
train_dphone_normal_dphone_029,dphone_029.jpg,/mimer/NOBACKUP/groups/smart-rail/Yi Yang/CV_contact_wire/dataset_crack_normal_unet_811/train/images/normal/dphone_029.jpg,/mimer/NOBACKUP/groups/smart-rail/Yi Yang/CV_contact_wire/dataset_crack_normal_unet_811/train/masks/normal/dphone_029.png,,normal,False,train,dphone,normal,,train,IMG_1263,IMG_1263.MOV,23530,1,7741007741.983887,7741,7741,0.98388671875,24
train_dphone_normal_dphone_413,dphone_413.jpg,/mimer/NOBACKUP/groups/smart-rail/Yi Yang/CV_contact_wire/dataset_crack_normal_unet_811/train/images/normal/dphone_413.jpg,/mimer/NOBACKUP/groups/smart-rail/Yi Yang/CV_contact_wire/dataset_crack_normal_unet_811/train/masks/normal/dphone_413.png,,normal,False,train,dphone,normal,,train,IMG_2708,IMG_2708.MOV,13151,1,7553024015.95459,24015,7553,0.95458984375,24
train_dphone_normal_dphone_382,dphone_382.jpg,/mimer/NOBACKUP/groups/smart-rail/Yi Yang/CV_contact_wire/dataset_crack_normal_unet_811/train/images/normal/dphone_382.jpg,/mimer/NOBACKUP/groups/smart-rail/Yi Yang/CV_contact_wire/dataset_crack_normal_unet_811/train/masks/normal/dphone_382.png,,normal,False,train,dphone,normal,,train,IMG_2707,IMG_2707.MOV,18392,1,6862009358.932617,9358,6862,0.9326171875,24
train_dphone_normal_dphone_062,dphone_062.jpg,/mimer/NOBACKUP/groups/smart-rail/Yi Yang/CV_contact_wire/dataset_crack_normal_unet_811/train/images/normal/dphone_062.jpg,/mimer/NOBACKUP/groups/smart-rail/Yi Yang/CV_contact_wire/dataset_crack_normal_unet_811/train/masks/normal/dphone_062.png,,normal,False,train,dphone,normal,,train,IMG_1264,IMG_1264.MOV,8886,1,6811013224.805176,13224,6811,0.80517578125,24
train_dphone_normal_dphone_160,dphone_160.jpg,/mimer/NOBACKUP/groups/smart-rail/Yi Yang/CV_contact_wire/dataset_crack_normal_unet_811/train/images/normal/dphone_160.jpg,/mimer/NOBACKUP/groups/smart-rail/Yi Yang/CV_contact_wire/dataset_crack_normal_unet_811/train/masks/normal/dphone_160.png,,normal,False,train,dphone,normal,,train,IMG_1266,IMG_1266.MOV,7782,1,6756006756.9296875,6756,6756,0.9296875,24
train_dphone_normal_dphone_083,dphone_083.jpg,/mimer/NOBACKUP/groups/smart-rail/Yi Yang/CV_contact_wire/dataset_crack_normal_unet_811/train/images/normal/dphone_083.jpg,/mimer/NOBACKUP/groups/smart-rail/Yi Yang/CV_contact_wire/dataset_crack_normal_unet_811/train/masks/normal/dphone_083.png,,normal,False,train,dphone,normal,,train,IMG_1264,IMG_1264.MOV,17486,1,6683007100.821289,7100,6683,0.8212890625,24
train_dphone_normal_dphone_141,dphone_141.jpg,/mimer/NOBACKUP/groups/smart-rail/Yi Yang/CV_contact_wire/dataset_crack_normal_unet_811/train/images/normal/dphone_141.jpg,/mimer/NOBACKUP/groups/smart-rail/Yi Yang/CV_contact_wire/dataset_crack_normal_unet_811/train/masks/normal/dphone_141.png,,normal,False,train,dphone,normal,,train,IMG_1265,IMG_1265.MOV,21007,1,6536008860.998047,8860,6536,0.998046875,24
train_dphone_normal_dphone_078,dphone_078.jpg,/mimer/NOBACKUP/groups/smart-rail/Yi Yang/CV_contact_wire/dataset_crack_normal_unet_811/train/images/normal/dphone_078.jpg,/mimer/NOBACKUP/groups/smart-rail/Yi Yang/CV_contact_wire/dataset_crack_normal_unet_811/train/masks/normal/dphone_078.png,,normal,False,train,dphone,normal,,train,IMG_1264,IMG_1264.MOV,14330,1,6372013234.938965,13234,6372,0.93896484375,24
train_dphone_normal_dphone_438,dphone_438.jpg,/mimer/NOBACKUP/groups/smart-rail/Yi Yang/CV_contact_wire/dataset_crack_normal_unet_811/train/images/normal/dphone_438.jpg,/mimer/NOBACKUP/groups/smart-rail/Yi Yang/CV_contact_wire/dataset_crack_normal_unet_811/train/masks/normal/dphone_438.png,,normal,False,train,dphone,normal,,train,IMG_2708,IMG_2708.MOV,28580,1,6298015097.936523,15097,6298,0.9365234375,24
train_dphone_normal_dphone_391,dphone_391.jpg,/mimer/NOBACKUP/groups/smart-rail/Yi Yang/CV_contact_wire/dataset_crack_normal_unet_811/train/images/normal/dphone_391.jpg,/mimer/NOBACKUP/groups/smart-rail/Yi Yang/CV_contact_wire/dataset_crack_normal_unet_811/train/masks/normal/dphone_391.png,,normal,False,train,dphone,normal,,train,IMG_2707,IMG_2707.MOV,22652,1,6293016442.908691,16442,6293,0.90869140625,24
train_dphone_normal_dphone_243,dphone_243.jpg,/mimer/NOBACKUP/groups/smart-rail/Yi Yang/CV_contact_wire/dataset_crack_normal_unet_811/train/images/normal/dphone_243.jpg,/mimer/NOBACKUP/groups/smart-rail/Yi Yang/CV_contact_wire/dataset_crack_normal_unet_811/train/masks/normal/dphone_243.png,,normal,False,train,dphone,normal,,train,IMG_1268,IMG_1268.MOV,11878,1,6162008370.999023,8370,6162,0.9990234375,24
train_dphone_normal_dphone_460,dphone_460.jpg,/mimer/NOBACKUP/groups/smart-rail/Yi Yang/CV_contact_wire/dataset_crack_normal_unet_811/train/images/normal/dphone_460.jpg,/mimer/NOBACKUP/groups/smart-rail/Yi Yang/CV_contact_wire/dataset_crack_normal_unet_811/train/masks/normal/dphone_460.png,,normal,False,train,dphone,normal,,train,IMG_2709,IMG_2709.MOV,15892,1,6120006166.837402,6166,6120,0.83740234375,24
train_dphone_normal_dphone_166,dphone_166.jpg,/mimer/NOBACKUP/groups/smart-rail/Yi Yang/CV_contact_wire/dataset_crack_normal_unet_811/train/images/normal/dphone_166.jpg,/mimer/NOBACKUP/groups/smart-rail/Yi Yang/CV_contact_wire/dataset_crack_normal_unet_811/train/masks/normal/dphone_166.png,,normal,False,train,dphone,normal,,train,IMG_1266,IMG_1266.MOV,12986,1,5935006926.962891,6926,5935,0.962890625,24
train_dphone_normal_dphone_383,dphone_383.jpg,/mimer/NOBACKUP/groups/smart-rail/Yi Yang/CV_contact_wire/dataset_crack_normal_unet_811/train/images/normal/dphone_383.jpg,/mimer/NOBACKUP/groups/smart-rail/Yi Yang/CV_contact_wire/dataset_crack_normal_unet_811/train/masks/normal/dphone_383.png,,normal,False,train,dphone,normal,,train,IMG_2707,IMG_2707.MOV,18655,1,5874025652.997559,25652,5874,0.99755859375,24
train_dphone_normal_dphone_453,dphone_453.jpg,/mimer/NOBACKUP/groups/smart-rail/Yi Yang/CV_contact_wire/dataset_crack_normal_unet_811/train/images/normal/dphone_453.jpg,/mimer/NOBACKUP/groups/smart-rail/Yi Yang/CV_contact_wire/dataset_crack_normal_unet_811/train/masks/normal/dphone_453.png,,normal,False,train,dphone,normal,,train,IMG_2709,IMG_2709.MOV,10567,1,5872014843.918945,14843,5872,0.9189453125,24
train_dphone_normal_dphone_422,dphone_422.jpg,/mimer/NOBACKUP/groups/smart-rail/Yi Yang/CV_contact_wire/dataset_crack_normal_unet_811/train/images/normal/dphone_422.jpg,/mimer/NOBACKUP/groups/smart-rail/Yi Yang/CV_contact_wire/dataset_crack_normal_unet_811/train/masks/normal/dphone_422.png,,normal,False,train,dphone,normal,,train,IMG_2708,IMG_2708.MOV,17641,1,5715008030.945801,8030,5715,0.94580078125,24
train_dphone_normal_dphone_381,dphone_381.jpg,/mimer/NOBACKUP/groups/smart-rail/Yi Yang/CV_contact_wire/dataset_crack_normal_unet_811/train/images/normal/dphone_381.jpg,/mimer/NOBACKUP/groups/smart-rail/Yi Yang/CV_contact_wire/dataset_crack_normal_unet_811/train/masks/normal/dphone_381.png,,normal,False,train,dphone,normal,,train,IMG_2707,IMG_2707.MOV,18135,1,5467010413.94043,10413,5467,0.9404296875,24
train_dphone_normal_dphone_394,dphone_394.jpg,/mimer/NOBACKUP/groups/smart-rail/Yi Yang/CV_contact_wire/dataset_crack_normal_unet_811/train/images/normal/dphone_394.jpg,/mimer/NOBACKUP/groups/smart-rail/Yi Yang/CV_contact_wire/dataset_crack_normal_unet_811/train/masks/normal/dphone_394.png,,normal,False,train,dphone,normal,,train,IMG_2707,IMG_2707.MOV,25005,1,5377009950.946289,9950,5377,0.9462890625,24
train_dphone_normal_dphone_125,dphone_125.jpg,/mimer/NOBACKUP/groups/smart-rail/Yi Yang/CV_contact_wire/dataset_crack_normal_unet_811/train/images/normal/dphone_125.jpg,/mimer/NOBACKUP/groups/smart-rail/Yi Yang/CV_contact_wire/dataset_crack_normal_unet_811/train/masks/normal/dphone_125.png,,normal,False,train,dphone,normal,,train,IMG_1265,IMG_1265.MOV,9729,1,5332006410.892578,6410,5332,0.892578125,24
train_dphone_normal_dphone_084,dphone_084.jpg,/mimer/NOBACKUP/groups/smart-rail/Yi Yang/CV_contact_wire/dataset_crack_normal_unet_811/train/images/normal/dphone_084.jpg,/mimer/NOBACKUP/groups/smart-rail/Yi Yang/CV_contact_wire/dataset_crack_normal_unet_811/train/masks/normal/dphone_084.png,,normal,False,train,dphone,normal,,train,IMG_1264,IMG_1264.MOV,17747,1,5328013112.994629,13112,5328,0.99462890625,24
train_dphone_normal_dphone_036,dphone_036.jpg,/mimer/NOBACKUP/groups/smart-rail/Yi Yang/CV_contact_wire/dataset_crack_normal_unet_811/train/images/normal/dphone_036.jpg,/mimer/NOBACKUP/groups/smart-rail/Yi Yang/CV_contact_wire/dataset_crack_normal_unet_811/train/masks/normal/dphone_036.png,,normal,False,train,dphone,normal,,train,IMG_1263,IMG_1263.MOV,26185,1,5207005498.764648,5498,5207,0.7646484375,24
train_dphone_normal_dphone_314,dphone_314.jpg,/mimer/NOBACKUP/groups/smart-rail/Yi Yang/CV_contact_wire/dataset_crack_normal_unet_811/train/images/normal/dphone_314.jpg,/mimer/NOBACKUP/groups/smart-rail/Yi Yang/CV_contact_wire/dataset_crack_normal_unet_811/train/masks/normal/dphone_314.png,,normal,False,train,dphone,normal,,train,IMG_2706,IMG_2706.MOV,8474,1,5195012607.899414,12607,5195,0.8994140625,24
train_dphone_normal_dphone_148,dphone_148.jpg,/mimer/NOBACKUP/groups/smart-rail/Yi Yang/CV_contact_wire/dataset_crack_normal_unet_811/train/images/normal/dphone_148.jpg,/mimer/NOBACKUP/groups/smart-rail/Yi Yang/CV_contact_wire/dataset_crack_normal_unet_811/train/masks/normal/dphone_148.png,,normal,False,train,dphone,normal,,train,IMG_1265,IMG_1265.MOV,25466,1,5190006056.893555,6056,5190,0.8935546875,24
train_dphone_normal_dphone_359,dphone_359.jpg,/mimer/NOBACKUP/groups/smart-rail/Yi Yang/CV_contact_wire/dataset_crack_normal_unet_811/train/images/normal/dphone_359.jpg,/mimer/NOBACKUP/groups/smart-rail/Yi Yang/CV_contact_wire/dataset_crack_normal_unet_811/train/masks/normal/dphone_359.png,,normal,False,train,dphone,normal,,train,IMG_2707,IMG_2707.MOV,2991,1,4949011318.893555,11318,4949,0.8935546875,24
train_dphone_normal_dphone_145,dphone_145.jpg,/mimer/NOBACKUP/groups/smart-rail/Yi Yang/CV_contact_wire/dataset_crack_normal_unet_811/train/images/normal/dphone_145.jpg,/mimer/NOBACKUP/groups/smart-rail/Yi Yang/CV_contact_wire/dataset_crack_normal_unet_811/train/masks/normal/dphone_145.png,,normal,False,train,dphone,normal,,train,IMG_1265,IMG_1265.MOV,23079,1,4852005409.850098,5409,4852,0.85009765625,24
train_dphone_normal_dphone_310,dphone_310.jpg,/mimer/NOBACKUP/groups/smart-rail/Yi Yang/CV_contact_wire/dataset_crack_normal_unet_811/train/images/normal/dphone_310.jpg,/mimer/NOBACKUP/groups/smart-rail/Yi Yang/CV_contact_wire/dataset_crack_normal_unet_811/train/masks/normal/dphone_310.png,,normal,False,train,dphone,normal,,train,IMG_2706,IMG_2706.MOV,6438,1,4743008733.868164,8733,4743,0.8681640625,24
train_dphone_normal_dphone_071,dphone_071.jpg,/mimer/NOBACKUP/groups/smart-rail/Yi Yang/CV_contact_wire/dataset_crack_normal_unet_811/train/images/normal/dphone_071.jpg,/mimer/NOBACKUP/groups/smart-rail/Yi Yang/CV_contact_wire/dataset_crack_normal_unet_811/train/masks/normal/dphone_071.png,,normal,False,train,dphone,normal,,train,IMG_1264,IMG_1264.MOV,12142,1,4668005505.730469,5505,4668,0.73046875,24
train_dphone_normal_dphone_308,dphone_308.jpg,/mimer/NOBACKUP/groups/smart-rail/Yi Yang/CV_contact_wire/dataset_crack_normal_unet_811/train/images/normal/dphone_308.jpg,/mimer/NOBACKUP/groups/smart-rail/Yi Yang/CV_contact_wire/dataset_crack_normal_unet_811/train/masks/normal/dphone_308.png,,normal,False,train,dphone,normal,,train,IMG_2706,IMG_2706.MOV,4863,1,4666012895.911621,12895,4666,0.91162109375,24
train_dphone_normal_dphone_393,dphone_393.jpg,/mimer/NOBACKUP/groups/smart-rail/Yi Yang/CV_contact_wire/dataset_crack_normal_unet_811/train/images/normal/dphone_393.jpg,/mimer/NOBACKUP/groups/smart-rail/Yi Yang/CV_contact_wire/dataset_crack_normal_unet_811/train/masks/normal/dphone_393.png,,normal,False,train,dphone,normal,,train,IMG_2707,IMG_2707.MOV,24753,1,4632008431.78125,8431,4632,0.78125,24
train_dphone_normal_dphone_431,dphone_431.jpg,/mimer/NOBACKUP/groups/smart-rail/Yi Yang/CV_contact_wire/dataset_crack_normal_unet_811/train/images/normal/dphone_431.jpg,/mimer/NOBACKUP/groups/smart-rail/Yi Yang/CV_contact_wire/dataset_crack_normal_unet_811/train/masks/normal/dphone_431.png,,normal,False,train,dphone,normal,,train,IMG_2708,IMG_2708.MOV,23413,1,4619014548.957031,14548,4619,0.95703125,24
train_dphone_normal_dphone_118,dphone_118.jpg,/mimer/NOBACKUP/groups/smart-rail/Yi Yang/CV_contact_wire/dataset_crack_normal_unet_811/train/images/normal/dphone_118.jpg,/mimer/NOBACKUP/groups/smart-rail/Yi Yang/CV_contact_wire/dataset_crack_normal_unet_811/train/masks/normal/dphone_118.png,,normal,False,train,dphone,normal,,train,IMG_1265,IMG_1265.MOV,5573,1,4506006037.73291,6037,4506,0.73291015625,24
train_dphone_normal_dphone_452,dphone_452.jpg,/mimer/NOBACKUP/groups/smart-rail/Yi Yang/CV_contact_wire/dataset_crack_normal_unet_811/train/images/normal/dphone_452.jpg,/mimer/NOBACKUP/groups/smart-rail/Yi Yang/CV_contact_wire/dataset_crack_normal_unet_811/train/masks/normal/dphone_452.png,,normal,False,train,dphone,normal,,train,IMG_2709,IMG_2709.MOV,10318,1,4415011294.941895,11294,4415,0.94189453125,24
train_dphone_normal_dphone_158,dphone_158.jpg,/mimer/NOBACKUP/groups/smart-rail/Yi Yang/CV_contact_wire/dataset_crack_normal_unet_811/train/images/normal/dphone_158.jpg,/mimer/NOBACKUP/groups/smart-rail/Yi Yang/CV_contact_wire/dataset_crack_normal_unet_811/train/masks/normal/dphone_158.png,,normal,False,train,dphone,normal,,train,IMG_1266,IMG_1266.MOV,7485,1,4295004972.94873,4972,4295,0.94873046875,24
train_dphone_normal_dphone_405,dphone_405.jpg,/mimer/NOBACKUP/groups/smart-rail/Yi Yang/CV_contact_wire/dataset_crack_normal_unet_811/train/images/normal/dphone_405.jpg,/mimer/NOBACKUP/groups/smart-rail/Yi Yang/CV_contact_wire/dataset_crack_normal_unet_811/train/masks/normal/dphone_405.png,,normal,False,train,dphone,normal,,train,IMG_2708,IMG_2708.MOV,7908,1,4224004385.819824,4385,4224,0.81982421875,24
train_dphone_normal_dphone_485,dphone_485.jpg,/mimer/NOBACKUP/groups/smart-rail/Yi Yang/CV_contact_wire/dataset_crack_normal_unet_811/train/images/normal/dphone_485.jpg,/mimer/NOBACKUP/groups/smart-rail/Yi Yang/CV_contact_wire/dataset_crack_normal_unet_811/train/masks/normal/dphone_485.png,,normal,False,train,dphone,normal,,train,IMG_2710,IMG_2710.MOV,2623,1,4111010522.939453,10522,4111,0.939453125,24
train_dphone_normal_dphone_154,dphone_154.jpg,/mimer/NOBACKUP/groups/smart-rail/Yi Yang/CV_contact_wire/dataset_crack_normal_unet_811/train/images/normal/dphone_154.jpg,/mimer/NOBACKUP/groups/smart-rail/Yi Yang/CV_contact_wire/dataset_crack_normal_unet_811/train/masks/normal/dphone_154.png,,normal,False,train,dphone,normal,,train,IMG_1266,IMG_1266.MOV,3648,1,4022007898.9648438,7898,4022,0.96484375,24
train_dphone_normal_dphone_088,dphone_088.jpg,/mimer/NOBACKUP/groups/smart-rail/Yi Yang/CV_contact_wire/dataset_crack_normal_unet_811/train/images/normal/dphone_088.jpg,/mimer/NOBACKUP/groups/smart-rail/Yi Yang/CV_contact_wire/dataset_crack_normal_unet_811/train/masks/normal/dphone_088.png,,normal,False,train,dphone,normal,,train,IMG_1264,IMG_1264.MOV,22028,1,3978006864.96875,6864,3978,0.96875,24
train_dphone_normal_dphone_338,dphone_338.jpg,/mimer/NOBACKUP/groups/smart-rail/Yi Yang/CV_contact_wire/dataset_crack_normal_unet_811/train/images/normal/dphone_338.jpg,/mimer/NOBACKUP/groups/smart-rail/Yi Yang/CV_contact_wire/dataset_crack_normal_unet_811/train/masks/normal/dphone_338.png,,normal,False,train,dphone,normal,,train,IMG_2706,IMG_2706.MOV,24127,1,3703016311.9262695,16311,3703,0.92626953125,24
train_dphone_normal_dphone_255,dphone_255.jpg,/mimer/NOBACKUP/groups/smart-rail/Yi Yang/CV_contact_wire/dataset_crack_normal_unet_811/train/images/normal/dphone_255.jpg,/mimer/NOBACKUP/groups/smart-rail/Yi Yang/CV_contact_wire/dataset_crack_normal_unet_811/train/masks/normal/dphone_255.png,,normal,False,train,dphone,normal,,train,IMG_1268,IMG_1268.MOV,21935,1,3657004762.9853516,4762,3657,0.9853515625,24
train_dphone_normal_dphone_370,dphone_370.jpg,/mimer/NOBACKUP/groups/smart-rail/Yi Yang/CV_contact_wire/dataset_crack_normal_unet_811/train/images/normal/dphone_370.jpg,/mimer/NOBACKUP/groups/smart-rail/Yi Yang/CV_contact_wire/dataset_crack_normal_unet_811/train/masks/normal/dphone_370.png,,normal,False,train,dphone,normal,,train,IMG_2707,IMG_2707.MOV,9309,1,3602012144.95166,12144,3602,0.95166015625,24
train_dphone_normal_dphone_334,dphone_334.jpg,/mimer/NOBACKUP/groups/smart-rail/Yi Yang/CV_contact_wire/dataset_crack_normal_unet_811/train/images/normal/dphone_334.jpg,/mimer/NOBACKUP/groups/smart-rail/Yi Yang/CV_contact_wire/dataset_crack_normal_unet_811/train/masks/normal/dphone_334.png,,normal,False,train,dphone,normal,,train,IMG_2706,IMG_2706.MOV,21876,1,3357007498.9223633,7498,3357,0.92236328125,24
train_dphone_normal_dphone_456,dphone_456.jpg,/mimer/NOBACKUP/groups/smart-rail/Yi Yang/CV_contact_wire/dataset_crack_normal_unet_811/train/images/normal/dphone_456.jpg,/mimer/NOBACKUP/groups/smart-rail/Yi Yang/CV_contact_wire/dataset_crack_normal_unet_811/train/masks/normal/dphone_456.png,,normal,False,train,dphone,normal,,train,IMG_2709,IMG_2709.MOV,13043,1,3288006016.7197266,6016,3288,0.7197265625,24
train_dphone_normal_dphone_003,dphone_003.jpg,/mimer/NOBACKUP/groups/smart-rail/Yi Yang/CV_contact_wire/dataset_crack_normal_unet_811/train/images/normal/dphone_003.jpg,/mimer/NOBACKUP/groups/smart-rail/Yi Yang/CV_contact_wire/dataset_crack_normal_unet_811/train/masks/normal/dphone_003.png,,normal,False,train,dphone,normal,,train,IMG_1263,IMG_1263.MOV,4707,1,3274004316.9941406,4316,3274,0.994140625,24
train_dphone_normal_dphone_189,dphone_189.jpg,/mimer/NOBACKUP/groups/smart-rail/Yi Yang/CV_contact_wire/dataset_crack_normal_unet_811/train/images/normal/dphone_189.jpg,/mimer/NOBACKUP/groups/smart-rail/Yi Yang/CV_contact_wire/dataset_crack_normal_unet_811/train/masks/normal/dphone_189.png,,normal,False,train,dphone,normal,,train,IMG_1267,IMG_1267.MOV,839,1,3193003816.9404297,3816,3193,0.9404296875,24
train_dphone_normal_dphone_212,dphone_212.jpg,/mimer/NOBACKUP/groups/smart-rail/Yi Yang/CV_contact_wire/dataset_crack_normal_unet_811/train/images/normal/dphone_212.jpg,/mimer/NOBACKUP/groups/smart-rail/Yi Yang/CV_contact_wire/dataset_crack_normal_unet_811/train/masks/normal/dphone_212.png,,normal,False,train,dphone,normal,,train,IMG_1267,IMG_1267.MOV,16602,1,3089004404.95166,4404,3089,0.95166015625,24
train_dphone_normal_dphone_133,dphone_133.jpg,/mimer/NOBACKUP/groups/smart-rail/Yi Yang/CV_contact_wire/dataset_crack_normal_unet_811/train/images/normal/dphone_133.jpg,/mimer/NOBACKUP/groups/smart-rail/Yi Yang/CV_contact_wire/dataset_crack_normal_unet_811/train/masks/normal/dphone_133.png,,normal,False,train,dphone,normal,,train,IMG_1265,IMG_1265.MOV,16652,1,2982002982.6987305,2982,2982,0.69873046875,24
train_dphone_normal_dphone_058,dphone_058.jpg,/mimer/NOBACKUP/groups/smart-rail/Yi Yang/CV_contact_wire/dataset_crack_normal_unet_811/train/images/normal/dphone_058.jpg,/mimer/NOBACKUP/groups/smart-rail/Yi Yang/CV_contact_wire/dataset_crack_normal_unet_811/train/masks/normal/dphone_058.png,,normal,False,train,dphone,normal,,train,IMG_1264,IMG_1264.MOV,7032,1,2654004560.992676,4560,2654,0.99267578125,24
train_dphone_normal_dphone_099,dphone_099.jpg,/mimer/NOBACKUP/groups/smart-rail/Yi Yang/CV_contact_wire/dataset_crack_normal_unet_811/train/images/normal/dphone_099.jpg,/mimer/NOBACKUP/groups/smart-rail/Yi Yang/CV_contact_wire/dataset_crack_normal_unet_811/train/masks/normal/dphone_099.png,,normal,False,train,dphone,normal,,train,IMG_1264,IMG_1264.MOV,28737,1,2652002862.8999023,2862,2652,0.89990234375,24
train_dphone_normal_dphone_061,dphone_061.jpg,/mimer/NOBACKUP/groups/smart-rail/Yi Yang/CV_contact_wire/dataset_crack_normal_unet_811/train/images/normal/dphone_061.jpg,/mimer/NOBACKUP/groups/smart-rail/Yi Yang/CV_contact_wire/dataset_crack_normal_unet_811/train/masks/normal/dphone_061.png,,normal,False,train,dphone,normal,,train,IMG_1264,IMG_1264.MOV,8625,1,2605003040.842285,3040,2605,0.84228515625,24
train_dphone_normal_dphone_045,dphone_045.jpg,/mimer/NOBACKUP/groups/smart-rail/Yi Yang/CV_contact_wire/dataset_crack_normal_unet_811/train/images/normal/dphone_045.jpg,/mimer/NOBACKUP/groups/smart-rail/Yi Yang/CV_contact_wire/dataset_crack_normal_unet_811/train/masks/normal/dphone_045.png,,normal,False,train,dphone,normal,,train,IMG_1264,IMG_1264.MOV,776,1,2538005133.991211,5133,2538,0.9912109375,24
train_dphone_normal_dphone_121,dphone_121.jpg,/mimer/NOBACKUP/groups/smart-rail/Yi Yang/CV_contact_wire/dataset_crack_normal_unet_811/train/images/normal/dphone_121.jpg,/mimer/NOBACKUP/groups/smart-rail/Yi Yang/CV_contact_wire/dataset_crack_normal_unet_811/train/masks/normal/dphone_121.png,,normal,False,train,dphone,normal,,train,IMG_1265,IMG_1265.MOV,7494,1,2406006139.8305664,6139,2406,0.83056640625,24
train_camera_normal_camera045,camera045.png,/mimer/NOBACKUP/groups/smart-rail/Yi Yang/CV_contact_wire/dataset_crack_normal_unet_811/train/images/normal/camera045.png,/mimer/NOBACKUP/groups/smart-rail/Yi Yang/CV_contact_wire/dataset_crack_normal_unet_811/train/masks/normal/camera045.png,,normal,False,train,camera,normal,,train,MVI_7580,MVI_7580.MOV,6311,1,2402002423.8183594,2423,2402,0.818359375,24
train_dphone_normal_dphone_437,dphone_437.jpg,/mimer/NOBACKUP/groups/smart-rail/Yi Yang/CV_contact_wire/dataset_crack_normal_unet_811/train/images/normal/dphone_437.jpg,/mimer/NOBACKUP/groups/smart-rail/Yi Yang/CV_contact_wire/dataset_crack_normal_unet_811/train/masks/normal/dphone_437.png,,normal,False,train,dphone,normal,,train,IMG_2708,IMG_2708.MOV,28327,1,2262010328.8911133,10328,2262,0.89111328125,24
train_dphone_normal_dphone_266,dphone_266.jpg,/mimer/NOBACKUP/groups/smart-rail/Yi Yang/CV_contact_wire/dataset_crack_normal_unet_811/train/images/normal/dphone_266.jpg,/mimer/NOBACKUP/groups/smart-rail/Yi Yang/CV_contact_wire/dataset_crack_normal_unet_811/train/masks/normal/dphone_266.png,,normal,False,train,dphone,normal,,train,IMG_1268,IMG_1268.MOV,30071,1,2207002207.807617,2207,2207,0.8076171875,24
train_dphone_normal_dphone_031,dphone_031.jpg,/mimer/NOBACKUP/groups/smart-rail/Yi Yang/CV_contact_wire/dataset_crack_normal_unet_811/train/images/normal/dphone_031.jpg,/mimer/NOBACKUP/groups/smart-rail/Yi Yang/CV_contact_wire/dataset_crack_normal_unet_811/train/masks/normal/dphone_031.png,,normal,False,train,dphone,normal,,train,IMG_1263,IMG_1263.MOV,24015,1,2147002763.9658203,2763,2147,0.9658203125,24
train_dphone_normal_dphone_066,dphone_066.jpg,/mimer/NOBACKUP/groups/smart-rail/Yi Yang/CV_contact_wire/dataset_crack_normal_unet_811/train/images/normal/dphone_066.jpg,/mimer/NOBACKUP/groups/smart-rail/Yi Yang/CV_contact_wire/dataset_crack_normal_unet_811/train/masks/normal/dphone_066.png,,normal,False,train,dphone,normal,,train,IMG_1264,IMG_1264.MOV,10289,1,2121003221.9526367,3221,2121,0.95263671875,24
train_dphone_normal_dphone_396,dphone_396.jpg,/mimer/NOBACKUP/groups/smart-rail/Yi Yang/CV_contact_wire/dataset_crack_normal_unet_811/train/images/normal/dphone_396.jpg,/mimer/NOBACKUP/groups/smart-rail/Yi Yang/CV_contact_wire/dataset_crack_normal_unet_811/train/masks/normal/dphone_396.png,,normal,False,train,dphone,normal,,train,IMG_2708,IMG_2708.MOV,1274,1,2028007329.8164062,7329,2028,0.81640625,24
train_dphone_normal_dphone_362,dphone_362.jpg,/mimer/NOBACKUP/groups/smart-rail/Yi Yang/CV_contact_wire/dataset_crack_normal_unet_811/train/images/normal/dphone_362.jpg,/mimer/NOBACKUP/groups/smart-rail/Yi Yang/CV_contact_wire/dataset_crack_normal_unet_811/train/masks/normal/dphone_362.png,,normal,False,train,dphone,normal,,train,IMG_2707,IMG_2707.MOV,4877,1,1986006216.7631836,6216,1986,0.76318359375,24
train_dphone_normal_dphone_057,dphone_057.jpg,/mimer/NOBACKUP/groups/smart-rail/Yi Yang/CV_contact_wire/dataset_crack_normal_unet_811/train/images/normal/dphone_057.jpg,/mimer/NOBACKUP/groups/smart-rail/Yi Yang/CV_contact_wire/dataset_crack_normal_unet_811/train/masks/normal/dphone_057.png,,normal,False,train,dphone,normal,,train,IMG_1264,IMG_1264.MOV,6745,1,1918001969.987793,1969,1918,0.98779296875,24
train_dphone_normal_dphone_049,dphone_049.jpg,/mimer/NOBACKUP/groups/smart-rail/Yi Yang/CV_contact_wire/dataset_crack_normal_unet_811/train/images/normal/dphone_049.jpg,/mimer/NOBACKUP/groups/smart-rail/Yi Yang/CV_contact_wire/dataset_crack_normal_unet_811/train/masks/normal/dphone_049.png,,normal,False,train,dphone,normal,,train,IMG_1264,IMG_1264.MOV,3515,1,1877003964.8740234,3964,1877,0.8740234375,24
train_dphone_normal_dphone_042,dphone_042.jpg,/mimer/NOBACKUP/groups/smart-rail/Yi Yang/CV_contact_wire/dataset_crack_normal_unet_811/train/images/normal/dphone_042.jpg,/mimer/NOBACKUP/groups/smart-rail/Yi Yang/CV_contact_wire/dataset_crack_normal_unet_811/train/masks/normal/dphone_042.png,,normal,False,train,dphone,normal,,train,IMG_1264,IMG_1264.MOV,539,1,1848002057.9873047,2057,1848,0.9873046875,24
train_dphone_normal_dphone_471,dphone_471.jpg,/mimer/NOBACKUP/groups/smart-rail/Yi Yang/CV_contact_wire/dataset_crack_normal_unet_811/train/images/normal/dphone_471.jpg,/mimer/NOBACKUP/groups/smart-rail/Yi Yang/CV_contact_wire/dataset_crack_normal_unet_811/train/masks/normal/dphone_471.png,,normal,False,train,dphone,normal,,train,IMG_2709,IMG_2709.MOV,24152,1,1786004010.7519531,4010,1786,0.751953125,24
train_dphone_normal_dphone_469,dphone_469.jpg,/mimer/NOBACKUP/groups/smart-rail/Yi Yang/CV_contact_wire/dataset_crack_normal_unet_811/train/images/normal/dphone_469.jpg,/mimer/NOBACKUP/groups/smart-rail/Yi Yang/CV_contact_wire/dataset_crack_normal_unet_811/train/masks/normal/dphone_469.png,,normal,False,train,dphone,normal,,train,IMG_2709,IMG_2709.MOV,22175,1,1711004617.8642578,4617,1711,0.8642578125,24
train_dphone_normal_dphone_203,dphone_203.jpg,/mimer/NOBACKUP/groups/smart-rail/Yi Yang/CV_contact_wire/dataset_crack_normal_unet_811/train/images/normal/dphone_203.jpg,/mimer/NOBACKUP/groups/smart-rail/Yi Yang/CV_contact_wire/dataset_crack_normal_unet_811/train/masks/normal/dphone_203.png,,normal,False,train,dphone,normal,,train,IMG_1267,IMG_1267.MOV,10702,1,1700003072.8310547,3072,1700,0.8310546875,24
train_dphone_normal_dphone_137,dphone_137.jpg,/mimer/NOBACKUP/groups/smart-rail/Yi Yang/CV_contact_wire/dataset_crack_normal_unet_811/train/images/normal/dphone_137.jpg,/mimer/NOBACKUP/groups/smart-rail/Yi Yang/CV_contact_wire/dataset_crack_normal_unet_811/train/masks/normal/dphone_137.png,,normal,False,train,dphone,normal,,train,IMG_1265,IMG_1265.MOV,18854,1,1694001694.8291016,1694,1694,0.8291015625,24
train_dphone_normal_dphone_321,dphone_321.jpg,/mimer/NOBACKUP/groups/smart-rail/Yi Yang/CV_contact_wire/dataset_crack_normal_unet_811/train/images/normal/dphone_321.jpg,/mimer/NOBACKUP/groups/smart-rail/Yi Yang/CV_contact_wire/dataset_crack_normal_unet_811/train/masks/normal/dphone_321.png,,normal,False,train,dphone,normal,,train,IMG_2706,IMG_2706.MOV,11987,1,1681005335.8754883,5335,1681,0.87548828125,24
train_dphone_normal_dphone_155,dphone_155.jpg,/mimer/NOBACKUP/groups/smart-rail/Yi Yang/CV_contact_wire/dataset_crack_normal_unet_811/train/images/normal/dphone_155.jpg,/mimer/NOBACKUP/groups/smart-rail/Yi Yang/CV_contact_wire/dataset_crack_normal_unet_811/train/masks/normal/dphone_155.png,,normal,False,train,dphone,normal,,train,IMG_1266,IMG_1266.MOV,5589,1,1645003417.7592773,3417,1645,0.75927734375,24
train_dphone_normal_dphone_390,dphone_390.jpg,/mimer/NOBACKUP/groups/smart-rail/Yi Yang/CV_contact_wire/dataset_crack_normal_unet_811/train/images/normal/dphone_390.jpg,/mimer/NOBACKUP/groups/smart-rail/Yi Yang/CV_contact_wire/dataset_crack_normal_unet_811/train/masks/normal/dphone_390.png,,normal,False,train,dphone,normal,,train,IMG_2707,IMG_2707.MOV,22398,1,1595005512.8339844,5512,1595,0.833984375,24
train_dphone_normal_dphone_500,dphone_500.jpg,/mimer/NOBACKUP/groups/smart-rail/Yi Yang/CV_contact_wire/dataset_crack_normal_unet_811/train/images/normal/dphone_500.jpg,/mimer/NOBACKUP/groups/smart-rail/Yi Yang/CV_contact_wire/dataset_crack_normal_unet_811/train/masks/normal/dphone_500.png,,normal,False,train,dphone,normal,,train,IMG_2710,IMG_2710.MOV,13721,1,1557002826.8442383,2826,1557,0.84423828125,24
train_dphone_normal_dphone_378,dphone_378.jpg,/mimer/NOBACKUP/groups/smart-rail/Yi Yang/CV_contact_wire/dataset_crack_normal_unet_811/train/images/normal/dphone_378.jpg,/mimer/NOBACKUP/groups/smart-rail/Yi Yang/CV_contact_wire/dataset_crack_normal_unet_811/train/masks/normal/dphone_378.png,,normal,False,train,dphone,normal,,train,IMG_2707,IMG_2707.MOV,15940,1,1520002297.8256836,2297,1520,0.82568359375,24
train_dphone_normal_dphone_468,dphone_468.jpg,/mimer/NOBACKUP/groups/smart-rail/Yi Yang/CV_contact_wire/dataset_crack_normal_unet_811/train/images/normal/dphone_468.jpg,/mimer/NOBACKUP/groups/smart-rail/Yi Yang/CV_contact_wire/dataset_crack_normal_unet_811/train/masks/normal/dphone_468.png,,normal,False,train,dphone,normal,,train,IMG_2709,IMG_2709.MOV,21923,1,1513001672.7368164,1672,1513,0.73681640625,24
train_dphone_normal_dphone_272,dphone_272.jpg,/mimer/NOBACKUP/groups/smart-rail/Yi Yang/CV_contact_wire/dataset_crack_normal_unet_811/train/images/normal/dphone_272.jpg,/mimer/NOBACKUP/groups/smart-rail/Yi Yang/CV_contact_wire/dataset_crack_normal_unet_811/train/masks/normal/dphone_272.png,,normal,False,train,dphone,normal,,train,IMG_2705,IMG_2705.MOV,3195,1,1510002013.9082031,2013,1510,0.908203125,24
train_dphone_normal_dphone_147,dphone_147.jpg,/mimer/NOBACKUP/groups/smart-rail/Yi Yang/CV_contact_wire/dataset_crack_normal_unet_811/train/images/normal/dphone_147.jpg,/mimer/NOBACKUP/groups/smart-rail/Yi Yang/CV_contact_wire/dataset_crack_normal_unet_811/train/masks/normal/dphone_147.png,,normal,False,train,dphone,normal,,train,IMG_1265,IMG_1265.MOV,25169,1,1450001845.7583008,1845,1450,0.75830078125,24
train_dphone_normal_dphone_089,dphone_089.jpg,/mimer/NOBACKUP/groups/smart-rail/Yi Yang/CV_contact_wire/dataset_crack_normal_unet_811/train/images/normal/dphone_089.jpg,/mimer/NOBACKUP/groups/smart-rail/Yi Yang/CV_contact_wire/dataset_crack_normal_unet_811/train/masks/normal/dphone_089.png,,normal,False,train,dphone,normal,,train,IMG_1264,IMG_1264.MOV,22290,1,1441001727.7158203,1727,1441,0.7158203125,24
train_dphone_normal_dphone_448,dphone_448.jpg,/mimer/NOBACKUP/groups/smart-rail/Yi Yang/CV_contact_wire/dataset_crack_normal_unet_811/train/images/normal/dphone_448.jpg,/mimer/NOBACKUP/groups/smart-rail/Yi Yang/CV_contact_wire/dataset_crack_normal_unet_811/train/masks/normal/dphone_448.png,,normal,False,train,dphone,normal,,train,IMG_2709,IMG_2709.MOV,7474,1,1321001919.7802734,1919,1321,0.7802734375,24
train_dphone_normal_dphone_149,dphone_149.jpg,/mimer/NOBACKUP/groups/smart-rail/Yi Yang/CV_contact_wire/dataset_crack_normal_unet_811/train/images/normal/dphone_149.jpg,/mimer/NOBACKUP/groups/smart-rail/Yi Yang/CV_contact_wire/dataset_crack_normal_unet_811/train/masks/normal/dphone_149.png,,normal,False,train,dphone,normal,,train,IMG_1266,IMG_1266.MOV,887,1,1282001370.796875,1370,1282,0.796875,24
train_dphone_normal_dphone_227,dphone_227.jpg,/mimer/NOBACKUP/groups/smart-rail/Yi Yang/CV_contact_wire/dataset_crack_normal_unet_811/train/images/normal/dphone_227.jpg,/mimer/NOBACKUP/groups/smart-rail/Yi Yang/CV_contact_wire/dataset_crack_normal_unet_811/train/masks/normal/dphone_227.png,,normal,False,train,dphone,normal,,train,IMG_1268,IMG_1268.MOV,498,1,1206002529.8154297,2529,1206,0.8154296875,24
train_dphone_normal_dphone_283,dphone_283.jpg,/mimer/NOBACKUP/groups/smart-rail/Yi Yang/CV_contact_wire/dataset_crack_normal_unet_811/train/images/normal/dphone_283.jpg,/mimer/NOBACKUP/groups/smart-rail/Yi Yang/CV_contact_wire/dataset_crack_normal_unet_811/train/masks/normal/dphone_283.png,,normal,False,train,dphone,normal,,train,IMG_2705,IMG_2705.MOV,13845,1,1120004342.900879,4342,1120,0.90087890625,24
train_dphone_normal_dphone_510,dphone_510.jpg,/mimer/NOBACKUP/groups/smart-rail/Yi Yang/CV_contact_wire/dataset_crack_normal_unet_811/train/images/normal/dphone_510.jpg,/mimer/NOBACKUP/groups/smart-rail/Yi Yang/CV_contact_wire/dataset_crack_normal_unet_811/train/masks/normal/dphone_510.png,,normal,False,train,dphone,normal,,train,IMG_2710,IMG_2710.MOV,21276,1,1106002283.8461914,2283,1106,0.84619140625,24
train_dphone_normal_dphone_039,dphone_039.jpg,/mimer/NOBACKUP/groups/smart-rail/Yi Yang/CV_contact_wire/dataset_crack_normal_unet_811/train/images/normal/dphone_039.jpg,/mimer/NOBACKUP/groups/smart-rail/Yi Yang/CV_contact_wire/dataset_crack_normal_unet_811/train/masks/normal/dphone_039.png,,normal,False,train,dphone,normal,,train,IMG_1264,IMG_1264.MOV,551,1,1068002513.7285156,2513,1068,0.728515625,24
train_dphone_normal_dphone_251,dphone_251.jpg,/mimer/NOBACKUP/groups/smart-rail/Yi Yang/CV_contact_wire/dataset_crack_normal_unet_811/train/images/normal/dphone_251.jpg,/mimer/NOBACKUP/groups/smart-rail/Yi Yang/CV_contact_wire/dataset_crack_normal_unet_811/train/masks/normal/dphone_251.png,,normal,False,train,dphone,normal,,train,IMG_1268,IMG_1268.MOV,19559,1,973000986.8061523,986,973,0.80615234375,24
train_dphone_normal_dphone_117,dphone_117.jpg,/mimer/NOBACKUP/groups/smart-rail/Yi Yang/CV_contact_wire/dataset_crack_normal_unet_811/train/images/normal/dphone_117.jpg,/mimer/NOBACKUP/groups/smart-rail/Yi Yang/CV_contact_wire/dataset_crack_normal_unet_811/train/masks/normal/dphone_117.png,,normal,False,train,dphone,normal,,train,IMG_1265,IMG_1265.MOV,5294,1,920001327.7719727,1327,920,0.77197265625,24
train_dphone_normal_dphone_434,dphone_434.jpg,/mimer/NOBACKUP/groups/smart-rail/Yi Yang/CV_contact_wire/dataset_crack_normal_unet_811/train/images/normal/dphone_434.jpg,/mimer/NOBACKUP/groups/smart-rail/Yi Yang/CV_contact_wire/dataset_crack_normal_unet_811/train/masks/normal/dphone_434.png,,normal,False,train,dphone,normal,,train,IMG_2708,IMG_2708.MOV,26395,1,807001023.9433594,1023,807,0.943359375,24
train_dphone_normal_dphone_220,dphone_220.jpg,/mimer/NOBACKUP/groups/smart-rail/Yi Yang/CV_contact_wire/dataset_crack_normal_unet_811/train/images/normal/dphone_220.jpg,/mimer/NOBACKUP/groups/smart-rail/Yi Yang/CV_contact_wire/dataset_crack_normal_unet_811/train/masks/normal/dphone_220.png,,normal,False,train,dphone,normal,,train,IMG_1267,IMG_1267.MOV,24567,1,796001048.753418,1048,796,0.75341796875,24
train_dphone_normal_dphone_186,dphone_186.jpg,/mimer/NOBACKUP/groups/smart-rail/Yi Yang/CV_contact_wire/dataset_crack_normal_unet_811/train/images/normal/dphone_186.jpg,/mimer/NOBACKUP/groups/smart-rail/Yi Yang/CV_contact_wire/dataset_crack_normal_unet_811/train/masks/normal/dphone_186.png,,normal,False,train,dphone,normal,,train,IMG_1266,IMG_1266.MOV,28157,1,791000791.8100586,791,791,0.81005859375,24
train_dphone_normal_dphone_001,dphone_001.jpg,/mimer/NOBACKUP/groups/smart-rail/Yi Yang/CV_contact_wire/dataset_crack_normal_unet_811/train/images/normal/dphone_001.jpg,/mimer/NOBACKUP/groups/smart-rail/Yi Yang/CV_contact_wire/dataset_crack_normal_unet_811/train/masks/normal/dphone_001.png,,normal,False,train,dphone,normal,,train,IMG_1263,IMG_1263.MOV,646,1,777000839.7397461,839,777,0.73974609375,24
train_dphone_normal_dphone_504,dphone_504.jpg,/mimer/NOBACKUP/groups/smart-rail/Yi Yang/CV_contact_wire/dataset_crack_normal_unet_811/train/images/normal/dphone_504.jpg,/mimer/NOBACKUP/groups/smart-rail/Yi Yang/CV_contact_wire/dataset_crack_normal_unet_811/train/masks/normal/dphone_504.png,,normal,False,train,dphone,normal,,train,IMG_2710,IMG_2710.MOV,16781,1,762001439.8955078,1439,762,0.8955078125,24
train_dphone_normal_dphone_162,dphone_162.jpg,/mimer/NOBACKUP/groups/smart-rail/Yi Yang/CV_contact_wire/dataset_crack_normal_unet_811/train/images/normal/dphone_162.jpg,/mimer/NOBACKUP/groups/smart-rail/Yi Yang/CV_contact_wire/dataset_crack_normal_unet_811/train/masks/normal/dphone_162.png,,normal,False,train,dphone,normal,,train,IMG_1266,IMG_1266.MOV,10893,1,713001020.8144531,1020,713,0.814453125,24
train_dphone_normal_dphone_110,dphone_110.jpg,/mimer/NOBACKUP/groups/smart-rail/Yi Yang/CV_contact_wire/dataset_crack_normal_unet_811/train/images/normal/dphone_110.jpg,/mimer/NOBACKUP/groups/smart-rail/Yi Yang/CV_contact_wire/dataset_crack_normal_unet_811/train/masks/normal/dphone_110.png,,normal,False,train,dphone,normal,,train,IMG_1265,IMG_1265.MOV,1003,1,684000716.6635742,716,684,0.66357421875,24
train_dphone_normal_dphone_263,dphone_263.jpg,/mimer/NOBACKUP/groups/smart-rail/Yi Yang/CV_contact_wire/dataset_crack_normal_unet_811/train/images/normal/dphone_263.jpg,/mimer/NOBACKUP/groups/smart-rail/Yi Yang/CV_contact_wire/dataset_crack_normal_unet_811/train/masks/normal/dphone_263.png,,normal,False,train,dphone,normal,,train,IMG_1268,IMG_1268.MOV,27894,1,660000672.8012695,672,660,0.80126953125,24
train_dphone_normal_dphone_375,dphone_375.jpg,/mimer/NOBACKUP/groups/smart-rail/Yi Yang/CV_contact_wire/dataset_crack_normal_unet_811/train/images/normal/dphone_375.jpg,/mimer/NOBACKUP/groups/smart-rail/Yi Yang/CV_contact_wire/dataset_crack_normal_unet_811/train/masks/normal/dphone_375.png,,normal,False,train,dphone,normal,,train,IMG_2707,IMG_2707.MOV,11427,1,618000831.6503906,831,618,0.650390625,24
train_dphone_normal_dphone_112,dphone_112.jpg,/mimer/NOBACKUP/groups/smart-rail/Yi Yang/CV_contact_wire/dataset_crack_normal_unet_811/train/images/normal/dphone_112.jpg,/mimer/NOBACKUP/groups/smart-rail/Yi Yang/CV_contact_wire/dataset_crack_normal_unet_811/train/masks/normal/dphone_112.png,,normal,False,train,dphone,normal,,train,IMG_1265,IMG_1265.MOV,3159,1,608000608.6738281,608,608,0.673828125,24
train_dphone_normal_dphone_193,dphone_193.jpg,/mimer/NOBACKUP/groups/smart-rail/Yi Yang/CV_contact_wire/dataset_crack_normal_unet_811/train/images/normal/dphone_193.jpg,/mimer/NOBACKUP/groups/smart-rail/Yi Yang/CV_contact_wire/dataset_crack_normal_unet_811/train/masks/normal/dphone_193.png,,normal,False,train,dphone,normal,,train,IMG_1267,IMG_1267.MOV,4930,1,514000514.77490234,514,514,0.77490234375,24
train_dphone_normal_dphone_248,dphone_248.jpg,/mimer/NOBACKUP/groups/smart-rail/Yi Yang/CV_contact_wire/dataset_crack_normal_unet_811/train/images/normal/dphone_248.jpg,/mimer/NOBACKUP/groups/smart-rail/Yi Yang/CV_contact_wire/dataset_crack_normal_unet_811/train/masks/normal/dphone_248.png,,normal,False,train,dphone,normal,,train,IMG_1268,IMG_1268.MOV,17222,1,449000785.65234375,785,449,0.65234375,24
train_dphone_normal_dphone_048,dphone_048.jpg,/mimer/NOBACKUP/groups/smart-rail/Yi Yang/CV_contact_wire/dataset_crack_normal_unet_811/train/images/normal/dphone_048.jpg,/mimer/NOBACKUP/groups/smart-rail/Yi Yang/CV_contact_wire/dataset_crack_normal_unet_811/train/masks/normal/dphone_048.png,,normal,False,train,dphone,normal,,train,IMG_1264,IMG_1264.MOV,3240,1,447000447.6513672,447,447,0.6513671875,24
train_dphone_normal_dphone_150,dphone_150.jpg,/mimer/NOBACKUP/groups/smart-rail/Yi Yang/CV_contact_wire/dataset_crack_normal_unet_811/train/images/normal/dphone_150.jpg,/mimer/NOBACKUP/groups/smart-rail/Yi Yang/CV_contact_wire/dataset_crack_normal_unet_811/train/masks/normal/dphone_150.png,,normal,False,train,dphone,normal,,train,IMG_1266,IMG_1266.MOV,1139,1,417000654.7416992,654,417,0.74169921875,24
train_dphone_normal_dphone_173,dphone_173.jpg,/mimer/NOBACKUP/groups/smart-rail/Yi Yang/CV_contact_wire/dataset_crack_normal_unet_811/train/images/normal/dphone_173.jpg,/mimer/NOBACKUP/groups/smart-rail/Yi Yang/CV_contact_wire/dataset_crack_normal_unet_811/train/masks/normal/dphone_173.png,,normal,False,train,dphone,normal,,train,IMG_1266,IMG_1266.MOV,17766,1,413000413.62890625,413,413,0.62890625,24
train_dphone_normal_dphone_093,dphone_093.jpg,/mimer/NOBACKUP/groups/smart-rail/Yi Yang/CV_contact_wire/dataset_crack_normal_unet_811/train/images/normal/dphone_093.jpg,/mimer/NOBACKUP/groups/smart-rail/Yi Yang/CV_contact_wire/dataset_crack_normal_unet_811/train/masks/normal/dphone_093.png,,normal,False,train,dphone,normal,,train,IMG_1264,IMG_1264.MOV,24548,1,410000410.6743164,410,410,0.67431640625,24
train_dphone_normal_dphone_020,dphone_020.jpg,/mimer/NOBACKUP/groups/smart-rail/Yi Yang/CV_contact_wire/dataset_crack_normal_unet_811/train/images/normal/dphone_020.jpg,/mimer/NOBACKUP/groups/smart-rail/Yi Yang/CV_contact_wire/dataset_crack_normal_unet_811/train/masks/normal/dphone_020.png,,normal,False,train,dphone,normal,,train,IMG_1263,IMG_1263.MOV,18210,1,385000462.5864258,462,385,0.58642578125,24
train_dphone_normal_dphone_207,dphone_207.jpg,/mimer/NOBACKUP/groups/smart-rail/Yi Yang/CV_contact_wire/dataset_crack_normal_unet_811/train/images/normal/dphone_207.jpg,/mimer/NOBACKUP/groups/smart-rail/Yi Yang/CV_contact_wire/dataset_crack_normal_unet_811/train/masks/normal/dphone_207.png,,normal,False,train,dphone,normal,,train,IMG_1267,IMG_1267.MOV,13449,1,382000385.6298828,385,382,0.6298828125,24
train_dphone_normal_dphone_159,dphone_159.jpg,/mimer/NOBACKUP/groups/smart-rail/Yi Yang/CV_contact_wire/dataset_crack_normal_unet_811/train/images/normal/dphone_159.jpg,/mimer/NOBACKUP/groups/smart-rail/Yi Yang/CV_contact_wire/dataset_crack_normal_unet_811/train/masks/normal/dphone_159.png,,normal,False,train,dphone,normal,,train,IMG_1266,IMG_1266.MOV,7739,1,342000564.7915039,564,342,0.79150390625,24
train_dphone_normal_dphone_085,dphone_085.jpg,/mimer/NOBACKUP/groups/smart-rail/Yi Yang/CV_contact_wire/dataset_crack_normal_unet_811/train/images/normal/dphone_085.jpg,/mimer/NOBACKUP/groups/smart-rail/Yi Yang/CV_contact_wire/dataset_crack_normal_unet_811/train/masks/normal/dphone_085.png,,normal,False,train,dphone,normal,,train,IMG_1264,IMG_1264.MOV,19202,1,342000342.7583008,342,342,0.75830078125,24
train_dphone_normal_dphone_278,dphone_278.jpg,/mimer/NOBACKUP/groups/smart-rail/Yi Yang/CV_contact_wire/dataset_crack_normal_unet_811/train/images/normal/dphone_278.jpg,/mimer/NOBACKUP/groups/smart-rail/Yi Yang/CV_contact_wire/dataset_crack_normal_unet_811/train/masks/normal/dphone_278.png,,normal,False,train,dphone,normal,,train,IMG_2705,IMG_2705.MOV,9964,1,342000342.6767578,342,342,0.6767578125,24
train_dphone_normal_dphone_021,dphone_021.jpg,/mimer/NOBACKUP/groups/smart-rail/Yi Yang/CV_contact_wire/dataset_crack_normal_unet_811/train/images/normal/dphone_021.jpg,/mimer/NOBACKUP/groups/smart-rail/Yi Yang/CV_contact_wire/dataset_crack_normal_unet_811/train/masks/normal/dphone_021.png,,normal,False,train,dphone,normal,,train,IMG_1263,IMG_1263.MOV,18435,1,328000454.65722656,454,328,0.6572265625,24
train_dphone_normal_dphone_236,dphone_236.jpg,/mimer/NOBACKUP/groups/smart-rail/Yi Yang/CV_contact_wire/dataset_crack_normal_unet_811/train/images/normal/dphone_236.jpg,/mimer/NOBACKUP/groups/smart-rail/Yi Yang/CV_contact_wire/dataset_crack_normal_unet_811/train/masks/normal/dphone_236.png,,normal,False,train,dphone,normal,,train,IMG_1268,IMG_1268.MOV,6030,1,303000689.60058594,689,303,0.6005859375,24
train_dphone_normal_dphone_214,dphone_214.jpg,/mimer/NOBACKUP/groups/smart-rail/Yi Yang/CV_contact_wire/dataset_crack_normal_unet_811/train/images/normal/dphone_214.jpg,/mimer/NOBACKUP/groups/smart-rail/Yi Yang/CV_contact_wire/dataset_crack_normal_unet_811/train/masks/normal/dphone_214.png,,normal,False,train,dphone,normal,,train,IMG_1267,IMG_1267.MOV,18626,1,295000365.72216797,365,295,0.72216796875,24
train_dphone_normal_dphone_175,dphone_175.jpg,/mimer/NOBACKUP/groups/smart-rail/Yi Yang/CV_contact_wire/dataset_crack_normal_unet_811/train/images/normal/dphone_175.jpg,/mimer/NOBACKUP/groups/smart-rail/Yi Yang/CV_contact_wire/dataset_crack_normal_unet_811/train/masks/normal/dphone_175.png,,normal,False,train,dphone,normal,,train,IMG_1266,IMG_1266.MOV,20320,1,295000295.75927734,295,295,0.75927734375,24
train_dphone_normal_dphone_242,dphone_242.jpg,/mimer/NOBACKUP/groups/smart-rail/Yi Yang/CV_contact_wire/dataset_crack_normal_unet_811/train/images/normal/dphone_242.jpg,/mimer/NOBACKUP/groups/smart-rail/Yi Yang/CV_contact_wire/dataset_crack_normal_unet_811/train/masks/normal/dphone_242.png,,normal,False,train,dphone,normal,,train,IMG_1268,IMG_1268.MOV,11643,1,270000288.6323242,288,270,0.63232421875,24
train_dphone_normal_dphone_129,dphone_129.jpg,/mimer/NOBACKUP/groups/smart-rail/Yi Yang/CV_contact_wire/dataset_crack_normal_unet_811/train/images/normal/dphone_129.jpg,/mimer/NOBACKUP/groups/smart-rail/Yi Yang/CV_contact_wire/dataset_crack_normal_unet_811/train/masks/normal/dphone_129.png,,normal,False,train,dphone,normal,,train,IMG_1265,IMG_1265.MOV,11599,1,261000627.70654297,627,261,0.70654296875,24
train_dphone_normal_dphone_259,dphone_259.jpg,/mimer/NOBACKUP/groups/smart-rail/Yi Yang/CV_contact_wire/dataset_crack_normal_unet_811/train/images/normal/dphone_259.jpg,/mimer/NOBACKUP/groups/smart-rail/Yi Yang/CV_contact_wire/dataset_crack_normal_unet_811/train/masks/normal/dphone_259.png,,normal,False,train,dphone,normal,,train,IMG_1268,IMG_1268.MOV,24473,1,255000255.62402344,255,255,0.6240234375,24
train_dphone_normal_dphone_240,dphone_240.jpg,/mimer/NOBACKUP/groups/smart-rail/Yi Yang/CV_contact_wire/dataset_crack_normal_unet_811/train/images/normal/dphone_240.jpg,/mimer/NOBACKUP/groups/smart-rail/Yi Yang/CV_contact_wire/dataset_crack_normal_unet_811/train/masks/normal/dphone_240.png,,normal,False,train,dphone,normal,,train,IMG_1268,IMG_1268.MOV,8670,1,252000459.7084961,459,252,0.70849609375,24
train_camera_normal_camera062,camera062.png,/mimer/NOBACKUP/groups/smart-rail/Yi Yang/CV_contact_wire/dataset_crack_normal_unet_811/train/images/normal/camera062.png,/mimer/NOBACKUP/groups/smart-rail/Yi Yang/CV_contact_wire/dataset_crack_normal_unet_811/train/masks/normal/camera062.png,,normal,False,train,camera,normal,,train,MVI_7580,MVI_7580.MOV,14074,1,223000223.5498047,223,223,0.5498046875,24
train_dphone_normal_dphone_183,dphone_183.jpg,/mimer/NOBACKUP/groups/smart-rail/Yi Yang/CV_contact_wire/dataset_crack_normal_unet_811/train/images/normal/dphone_183.jpg,/mimer/NOBACKUP/groups/smart-rail/Yi Yang/CV_contact_wire/dataset_crack_normal_unet_811/train/masks/normal/dphone_183.png,,normal,False,train,dphone,normal,,train,IMG_1266,IMG_1266.MOV,26253,1,210000210.6977539,210,210,0.69775390625,24
train_dphone_normal_dphone_199,dphone_199.jpg,/mimer/NOBACKUP/groups/smart-rail/Yi Yang/CV_contact_wire/dataset_crack_normal_unet_811/train/images/normal/dphone_199.jpg,/mimer/NOBACKUP/groups/smart-rail/Yi Yang/CV_contact_wire/dataset_crack_normal_unet_811/train/masks/normal/dphone_199.png,,normal,False,train,dphone,normal,,train,IMG_1267,IMG_1267.MOV,7884,1,189000189.69140625,189,189,0.69140625,24
train_dphone_normal_dphone_132,dphone_132.jpg,/mimer/NOBACKUP/groups/smart-rail/Yi Yang/CV_contact_wire/dataset_crack_normal_unet_811/train/images/normal/dphone_132.jpg,/mimer/NOBACKUP/groups/smart-rail/Yi Yang/CV_contact_wire/dataset_crack_normal_unet_811/train/masks/normal/dphone_132.png,,normal,False,train,dphone,normal,,train,IMG_1265,IMG_1265.MOV,16370,1,176000298.6538086,298,176,0.65380859375,24
train_dphone_normal_dphone_096,dphone_096.jpg,/mimer/NOBACKUP/groups/smart-rail/Yi Yang/CV_contact_wire/dataset_crack_normal_unet_811/train/images/normal/dphone_096.jpg,/mimer/NOBACKUP/groups/smart-rail/Yi Yang/CV_contact_wire/dataset_crack_normal_unet_811/train/masks/normal/dphone_096.png,,normal,False,train,dphone,normal,,train,IMG_1264,IMG_1264.MOV,26958,1,147000147.64990234,147,147,0.64990234375,24
train_dphone_normal_dphone_144,dphone_144.jpg,/mimer/NOBACKUP/groups/smart-rail/Yi Yang/CV_contact_wire/dataset_crack_normal_unet_811/train/images/normal/dphone_144.jpg,/mimer/NOBACKUP/groups/smart-rail/Yi Yang/CV_contact_wire/dataset_crack_normal_unet_811/train/masks/normal/dphone_144.png,,normal,False,train,dphone,normal,,train,IMG_1265,IMG_1265.MOV,22823,1,119000119.6875,119,119,0.6875,24
train_dphone_normal_dphone_040,dphone_040.jpg,/mimer/NOBACKUP/groups/smart-rail/Yi Yang/CV_contact_wire/dataset_crack_normal_unet_811/train/images/normal/dphone_040.jpg,/mimer/NOBACKUP/groups/smart-rail/Yi Yang/CV_contact_wire/dataset_crack_normal_unet_811/train/masks/normal/dphone_040.png,,normal,False,train,dphone,normal,,train,IMG_1264,IMG_1264.MOV,600,1,94000094.56640625,94,94,0.56640625,24
train_dphone_normal_dphone_152,dphone_152.jpg,/mimer/NOBACKUP/groups/smart-rail/Yi Yang/CV_contact_wire/dataset_crack_normal_unet_811/train/images/normal/dphone_152.jpg,/mimer/NOBACKUP/groups/smart-rail/Yi Yang/CV_contact_wire/dataset_crack_normal_unet_811/train/masks/normal/dphone_152.png,,normal,False,train,dphone,normal,,train,IMG_1266,IMG_1266.MOV,3118,1,85000103.54541016,103,85,0.54541015625,24
train_dphone_normal_dphone_200,dphone_200.jpg,/mimer/NOBACKUP/groups/smart-rail/Yi Yang/CV_contact_wire/dataset_crack_normal_unet_811/train/images/normal/dphone_200.jpg,/mimer/NOBACKUP/groups/smart-rail/Yi Yang/CV_contact_wire/dataset_crack_normal_unet_811/train/masks/normal/dphone_200.png,,normal,False,train,dphone,normal,,train,IMG_1267,IMG_1267.MOV,8159,1,84000084.60644531,84,84,0.6064453125,24
train_dphone_normal_dphone_239,dphone_239.jpg,/mimer/NOBACKUP/groups/smart-rail/Yi Yang/CV_contact_wire/dataset_crack_normal_unet_811/train/images/normal/dphone_239.jpg,/mimer/NOBACKUP/groups/smart-rail/Yi Yang/CV_contact_wire/dataset_crack_normal_unet_811/train/masks/normal/dphone_239.png,,normal,False,train,dphone,normal,,train,IMG_1268,IMG_1268.MOV,8387,1,67000174.583496094,174,67,0.58349609375,24
train_camera_normal_camera089,camera089.png,/mimer/NOBACKUP/groups/smart-rail/Yi Yang/CV_contact_wire/dataset_crack_normal_unet_811/train/images/normal/camera089.png,/mimer/NOBACKUP/groups/smart-rail/Yi Yang/CV_contact_wire/dataset_crack_normal_unet_811/train/masks/normal/camera089.png,,normal,False,train,camera,normal,,train,MVI_7581,MVI_7581.MOV,2246,1,64000064.52392578,64,64,0.52392578125,24
train_dphone_normal_dphone_208,dphone_208.jpg,/mimer/NOBACKUP/groups/smart-rail/Yi Yang/CV_contact_wire/dataset_crack_normal_unet_811/train/images/normal/dphone_208.jpg,/mimer/NOBACKUP/groups/smart-rail/Yi Yang/CV_contact_wire/dataset_crack_normal_unet_811/train/masks/normal/dphone_208.png,,normal,False,train,dphone,normal,,train,IMG_1267,IMG_1267.MOV,13735,1,59000068.55908203,68,59,0.55908203125,24
train_dphone_normal_dphone_461,dphone_461.jpg,/mimer/NOBACKUP/groups/smart-rail/Yi Yang/CV_contact_wire/dataset_crack_normal_unet_811/train/images/normal/dphone_461.jpg,/mimer/NOBACKUP/groups/smart-rail/Yi Yang/CV_contact_wire/dataset_crack_normal_unet_811/train/masks/normal/dphone_461.png,,normal,False,train,dphone,normal,,train,IMG_2709,IMG_2709.MOV,16159,1,53000083.537109375,83,53,0.537109375,24
train_dphone_normal_dphone_109,dphone_109.jpg,/mimer/NOBACKUP/groups/smart-rail/Yi Yang/CV_contact_wire/dataset_crack_normal_unet_811/train/images/normal/dphone_109.jpg,/mimer/NOBACKUP/groups/smart-rail/Yi Yang/CV_contact_wire/dataset_crack_normal_unet_811/train/masks/normal/dphone_109.png,,normal,False,train,dphone,normal,,train,IMG_1265,IMG_1265.MOV,712,1,50000050.55810547,50,50,0.55810546875,24
train_dphone_normal_dphone_130,dphone_130.jpg,/mimer/NOBACKUP/groups/smart-rail/Yi Yang/CV_contact_wire/dataset_crack_normal_unet_811/train/images/normal/dphone_130.jpg,/mimer/NOBACKUP/groups/smart-rail/Yi Yang/CV_contact_wire/dataset_crack_normal_unet_811/train/masks/normal/dphone_130.png,,normal,False,train,dphone,normal,,train,IMG_1265,IMG_1265.MOV,11856,1,32000032.53564453,32,32,0.53564453125,24
train_dphone_normal_dphone_211,dphone_211.jpg,/mimer/NOBACKUP/groups/smart-rail/Yi Yang/CV_contact_wire/dataset_crack_normal_unet_811/train/images/normal/dphone_211.jpg,/mimer/NOBACKUP/groups/smart-rail/Yi Yang/CV_contact_wire/dataset_crack_normal_unet_811/train/masks/normal/dphone_211.png,,normal,False,train,dphone,normal,,train,IMG_1267,IMG_1267.MOV,16301,1,8000008.519042969,8,8,0.51904296875,24
train_dphone_normal_dphone_030,dphone_030.jpg,/mimer/NOBACKUP/groups/smart-rail/Yi Yang/CV_contact_wire/dataset_crack_normal_unet_811/train/images/normal/dphone_030.jpg,/mimer/NOBACKUP/groups/smart-rail/Yi Yang/CV_contact_wire/dataset_crack_normal_unet_811/train/masks/normal/dphone_030.png,,normal,False,train,dphone,normal,,train,IMG_1263,IMG_1263.MOV,23745,1,7000007.5107421875,7,7,0.5107421875,24
train_dphone_normal_dphone_179,dphone_179.jpg,/mimer/NOBACKUP/groups/smart-rail/Yi Yang/CV_contact_wire/dataset_crack_normal_unet_811/train/images/normal/dphone_179.jpg,/mimer/NOBACKUP/groups/smart-rail/Yi Yang/CV_contact_wire/dataset_crack_normal_unet_811/train/masks/normal/dphone_179.png,,normal,False,train,dphone,normal,,train,IMG_1266,IMG_1266.MOV,22974,1,5000005.5078125,5,5,0.5078125,24
