patch_id,base_sample_id,image_path,mask_path,patch_type,patch_family,video_id,video_name,frame_id,sample_type,source_split,crop_x,crop_y,crop_size,out_size,component_id,component_area_px,is_replay,replay_score,source_epoch
camera_crack_camera093_near_miss_negative_01__replay_e030,camera_crack_camera093,/mimer/NOBACKUP/groups/smart-rail/Yi Yang/CV_contact_wire/dataset0505_crop640_roi/camera/crack/camera093.png,/mimer/NOBACKUP/groups/smart-rail/Yi Yang/CV_contact_wire/UNET_two_stage/generated_masks/camera/crack/camera093.png,replay_defect_negative_fp,replay,,,,defect,trainval_pool,97,9,320,384,0,1222,1,0.84783935546875,30
camera_crack_camera095_near_miss_negative_00__replay_e030,camera_crack_camera095,/mimer/NOBACKUP/groups/smart-rail/Yi Yang/CV_contact_wire/dataset0505_crop640_roi/camera/crack/camera095.png,/mimer/NOBACKUP/groups/smart-rail/Yi Yang/CV_contact_wire/UNET_two_stage/generated_masks/camera/crack/camera095.png,replay_defect_negative_fp,replay,,,,defect,trainval_pool,150,0,320,384,0,443,1,0.5073581271701388,30
camera_crack_camera126_hard_negative_02__replay_e030,camera_crack_camera126,/mimer/NOBACKUP/groups/smart-rail/Yi Yang/CV_contact_wire/dataset0505_crop640_roi/camera/crack/camera126.png,/mimer/NOBACKUP/groups/smart-rail/Yi Yang/CV_contact_wire/UNET_two_stage/generated_masks/camera/crack/camera126.png,replay_defect_negative_fp,replay,,,,defect,trainval_pool,5,14,320,384,,,1,0.67059326171875,30
camera_crack_camera135_near_miss_negative_00__replay_e030,camera_crack_camera135,/mimer/NOBACKUP/groups/smart-rail/Yi Yang/CV_contact_wire/dataset0505_crop640_roi/camera/crack/camera135.png,/mimer/NOBACKUP/groups/smart-rail/Yi Yang/CV_contact_wire/UNET_two_stage/generated_masks/camera/crack/camera135.png,replay_defect_negative_fp,replay,,,,defect,trainval_pool,198,24,320,384,1,676,1,0.9249606662326388,30
camera_crack_camera139_near_miss_negative_00__replay_e030,camera_crack_camera139,/mimer/NOBACKUP/groups/smart-rail/Yi Yang/CV_contact_wire/dataset0505_crop640_roi/camera/crack/camera139.png,/mimer/NOBACKUP/groups/smart-rail/Yi Yang/CV_contact_wire/UNET_two_stage/generated_masks/camera/crack/camera139.png,replay_defect_negative_fp,replay,,,,defect,trainval_pool,177,17,384,384,0,1149,1,0.9113362630208334,30
camera_crack_camera148_near_miss_negative_00__replay_e030,camera_crack_camera148,/mimer/NOBACKUP/groups/smart-rail/Yi Yang/CV_contact_wire/dataset0505_crop640_roi/camera/crack/camera148.png,/mimer/NOBACKUP/groups/smart-rail/Yi Yang/CV_contact_wire/UNET_two_stage/generated_masks/camera/crack/camera148.png,replay_defect_negative_fp,replay,,,,defect,trainval_pool,75,5,320,384,1,677,1,0.9152560763888888,30
camera_crack_camera161_near_miss_negative_00__replay_e030,camera_crack_camera161,/mimer/NOBACKUP/groups/smart-rail/Yi Yang/CV_contact_wire/dataset0505_crop640_roi/camera/crack/camera161.png,/mimer/NOBACKUP/groups/smart-rail/Yi Yang/CV_contact_wire/UNET_two_stage/generated_masks/camera/crack/camera161.png,replay_defect_negative_fp,replay,,,,defect,trainval_pool,54,23,384,384,0,828,1,1.0014987521701388,30
camera_crack_camera178_near_miss_negative_01__replay_e030,camera_crack_camera178,/mimer/NOBACKUP/groups/smart-rail/Yi Yang/CV_contact_wire/dataset0505_crop640_roi/camera/crack/camera178.png,/mimer/NOBACKUP/groups/smart-rail/Yi Yang/CV_contact_wire/UNET_two_stage/generated_masks/camera/crack/camera178.png,replay_defect_negative_fp,replay,,,,defect,trainval_pool,107,39,320,384,0,369,1,0.9312811957465278,30
camera_crack_camera188_near_miss_negative_00__replay_e030,camera_crack_camera188,/mimer/NOBACKUP/groups/smart-rail/Yi Yang/CV_contact_wire/dataset0505_crop640_roi/camera/crack/camera188.png,/mimer/NOBACKUP/groups/smart-rail/Yi Yang/CV_contact_wire/UNET_two_stage/generated_masks/camera/crack/camera188.png,replay_defect_negative_fp,replay,,,,defect,trainval_pool,168,58,320,384,0,1633,1,0.7958713107638888,30
camera_crack_camera191_near_miss_negative_01__replay_e030,camera_crack_camera191,/mimer/NOBACKUP/groups/smart-rail/Yi Yang/CV_contact_wire/dataset0505_crop640_roi/camera/crack/camera191.png,/mimer/NOBACKUP/groups/smart-rail/Yi Yang/CV_contact_wire/UNET_two_stage/generated_masks/camera/crack/camera191.png,replay_defect_negative_fp,replay,,,,defect,trainval_pool,158,28,320,384,0,594,1,0.9161037868923612,30
camera_crack_camera218_near_miss_negative_00__replay_e030,camera_crack_camera218,/mimer/NOBACKUP/groups/smart-rail/Yi Yang/CV_contact_wire/dataset0505_crop640_roi/camera/crack/camera218.png,/mimer/NOBACKUP/groups/smart-rail/Yi Yang/CV_contact_wire/UNET_two_stage/generated_masks/camera/crack/camera218.png,replay_defect_negative_fp,replay,,,,defect,trainval_pool,201,30,320,384,1,921,1,0.6499498155381944,30
camera_crack_camera219_near_miss_negative_01__replay_e030,camera_crack_camera219,/mimer/NOBACKUP/groups/smart-rail/Yi Yang/CV_contact_wire/dataset0505_crop640_roi/camera/crack/camera219.png,/mimer/NOBACKUP/groups/smart-rail/Yi Yang/CV_contact_wire/UNET_two_stage/generated_masks/camera/crack/camera219.png,replay_defect_negative_fp,replay,,,,defect,trainval_pool,96,62,320,384,0,716,1,0.6368882921006944,30
camera_crack_camera222_hard_negative_01__replay_e030,camera_crack_camera222,/mimer/NOBACKUP/groups/smart-rail/Yi Yang/CV_contact_wire/dataset0505_crop640_roi/camera/crack/camera222.png,/mimer/NOBACKUP/groups/smart-rail/Yi Yang/CV_contact_wire/UNET_two_stage/generated_masks/camera/crack/camera222.png,replay_defect_negative_fp,replay,,,,defect,trainval_pool,51,8,320,384,,,1,0.9966091579861112,30
camera_crack_camera229_hard_negative_00__replay_e030,camera_crack_camera229,/mimer/NOBACKUP/groups/smart-rail/Yi Yang/CV_contact_wire/dataset0505_crop640_roi/camera/crack/camera229.png,/mimer/NOBACKUP/groups/smart-rail/Yi Yang/CV_contact_wire/UNET_two_stage/generated_masks/camera/crack/camera229.png,replay_defect_negative_fp,replay,,,,defect,trainval_pool,257,23,320,384,,,1,0.8102891710069444,30
camera_crack_camera230_hard_negative_01__replay_e030,camera_crack_camera230,/mimer/NOBACKUP/groups/smart-rail/Yi Yang/CV_contact_wire/dataset0505_crop640_roi/camera/crack/camera230.png,/mimer/NOBACKUP/groups/smart-rail/Yi Yang/CV_contact_wire/UNET_two_stage/generated_masks/camera/crack/camera230.png,replay_defect_negative_fp,replay,,,,defect,trainval_pool,208,28,320,384,,,1,0.6893378363715278,30
camera_crack_camera239_near_miss_negative_00__replay_e030,camera_crack_camera239,/mimer/NOBACKUP/groups/smart-rail/Yi Yang/CV_contact_wire/dataset0505_crop640_roi/camera/crack/camera239.png,/mimer/NOBACKUP/groups/smart-rail/Yi Yang/CV_contact_wire/UNET_two_stage/generated_masks/camera/crack/camera239.png,replay_defect_negative_fp,replay,,,,defect,trainval_pool,183,48,320,384,1,1458,1,0.8031751844618056,30
camera_crack_camera245_near_miss_negative_00__replay_e030,camera_crack_camera245,/mimer/NOBACKUP/groups/smart-rail/Yi Yang/CV_contact_wire/dataset0505_crop640_roi/camera/crack/camera245.png,/mimer/NOBACKUP/groups/smart-rail/Yi Yang/CV_contact_wire/UNET_two_stage/generated_masks/camera/crack/camera245.png,replay_defect_negative_fp,replay,,,,defect,trainval_pool,31,0,384,384,1,695,1,0.7843560112847222,30
camera_crack_camera248_near_miss_negative_01__replay_e030,camera_crack_camera248,/mimer/NOBACKUP/groups/smart-rail/Yi Yang/CV_contact_wire/dataset0505_crop640_roi/camera/crack/camera248.png,/mimer/NOBACKUP/groups/smart-rail/Yi Yang/CV_contact_wire/UNET_two_stage/generated_masks/camera/crack/camera248.png,replay_defect_negative_fp,replay,,,,defect,trainval_pool,138,95,320,384,0,830,1,0.9292805989583334,30
camera_crack_camera257_hard_negative_01__replay_e030,camera_crack_camera257,/mimer/NOBACKUP/groups/smart-rail/Yi Yang/CV_contact_wire/dataset0505_crop640_roi/camera/crack/camera257.png,/mimer/NOBACKUP/groups/smart-rail/Yi Yang/CV_contact_wire/UNET_two_stage/generated_masks/camera/crack/camera257.png,replay_defect_negative_fp,replay,,,,defect,trainval_pool,303,29,320,384,,,1,0.68414306640625,30
camera_crack_camera270_hard_negative_00__replay_e030,camera_crack_camera270,/mimer/NOBACKUP/groups/smart-rail/Yi Yang/CV_contact_wire/dataset0505_crop640_roi/camera/crack/camera270.png,/mimer/NOBACKUP/groups/smart-rail/Yi Yang/CV_contact_wire/UNET_two_stage/generated_masks/camera/crack/camera270.png,replay_defect_negative_fp,replay,,,,defect,trainval_pool,258,11,320,384,,,1,0.6654324001736112,30
camera_crack_camera274_near_miss_negative_00__replay_e030,camera_crack_camera274,/mimer/NOBACKUP/groups/smart-rail/Yi Yang/CV_contact_wire/dataset0505_crop640_roi/camera/crack/camera274.png,/mimer/NOBACKUP/groups/smart-rail/Yi Yang/CV_contact_wire/UNET_two_stage/generated_masks/camera/crack/camera274.png,replay_defect_negative_fp,replay,,,,defect,trainval_pool,152,96,320,384,0,353,1,0.9025132921006944,30
camera_crack_camera275_near_miss_negative_00__replay_e030,camera_crack_camera275,/mimer/NOBACKUP/groups/smart-rail/Yi Yang/CV_contact_wire/dataset0505_crop640_roi/camera/crack/camera275.png,/mimer/NOBACKUP/groups/smart-rail/Yi Yang/CV_contact_wire/UNET_two_stage/generated_masks/camera/crack/camera275.png,replay_defect_negative_fp,replay,,,,defect,trainval_pool,163,7,320,384,1,2890,1,0.8444959852430556,30
camera_crack_camera280_hard_negative_00__replay_e030,camera_crack_camera280,/mimer/NOBACKUP/groups/smart-rail/Yi Yang/CV_contact_wire/dataset0505_crop640_roi/camera/crack/camera280.png,/mimer/NOBACKUP/groups/smart-rail/Yi Yang/CV_contact_wire/UNET_two_stage/generated_masks/camera/crack/camera280.png,replay_defect_negative_fp,replay,,,,defect,trainval_pool,130,10,320,384,,,1,0.9629923502604166,30
camera_crack_camera282_hard_negative_01__replay_e030,camera_crack_camera282,/mimer/NOBACKUP/groups/smart-rail/Yi Yang/CV_contact_wire/dataset0505_crop640_roi/camera/crack/camera282.png,/mimer/NOBACKUP/groups/smart-rail/Yi Yang/CV_contact_wire/UNET_two_stage/generated_masks/camera/crack/camera282.png,replay_defect_negative_fp,replay,,,,defect,trainval_pool,244,16,320,384,,,1,0.7795071072048612,30
camera_crack_camera285_hard_negative_00__replay_e030,camera_crack_camera285,/mimer/NOBACKUP/groups/smart-rail/Yi Yang/CV_contact_wire/dataset0505_crop640_roi/camera/crack/camera285.png,/mimer/NOBACKUP/groups/smart-rail/Yi Yang/CV_contact_wire/UNET_two_stage/generated_masks/camera/crack/camera285.png,replay_defect_negative_fp,replay,,,,defect,trainval_pool,171,40,320,384,,,1,0.9215969509548612,30
camera_crack_camera288_hard_negative_02__replay_e030,camera_crack_camera288,/mimer/NOBACKUP/groups/smart-rail/Yi Yang/CV_contact_wire/dataset0505_crop640_roi/camera/crack/camera288.png,/mimer/NOBACKUP/groups/smart-rail/Yi Yang/CV_contact_wire/UNET_two_stage/generated_masks/camera/crack/camera288.png,replay_defect_negative_fp,replay,,,,defect,trainval_pool,142,31,320,384,,,1,0.9605916341145834,30
camera_crack_camera292_hard_negative_00__replay_e030,camera_crack_camera292,/mimer/NOBACKUP/groups/smart-rail/Yi Yang/CV_contact_wire/dataset0505_crop640_roi/camera/crack/camera292.png,/mimer/NOBACKUP/groups/smart-rail/Yi Yang/CV_contact_wire/UNET_two_stage/generated_masks/camera/crack/camera292.png,replay_defect_negative_fp,replay,,,,defect,trainval_pool,305,19,320,384,,,1,0.7455783420138888,30
camera_crack_camera294_near_miss_negative_00__replay_e030,camera_crack_camera294,/mimer/NOBACKUP/groups/smart-rail/Yi Yang/CV_contact_wire/dataset0505_crop640_roi/camera/crack/camera294.png,/mimer/NOBACKUP/groups/smart-rail/Yi Yang/CV_contact_wire/UNET_two_stage/generated_masks/camera/crack/camera294.png,replay_defect_negative_fp,replay,,,,defect,trainval_pool,88,0,320,384,1,369,1,0.7322998046875,30
camera_normal_camera006_normal_negative_118__replay_e030,camera_normal_camera006,/mimer/NOBACKUP/groups/smart-rail/Yi Yang/CV_contact_wire/dataset0505_crop640_roi/camera/normal/camera006.png,,replay_normal_negative_fp,replay,,,,normal,trainval_pool,224,78,384,384,,,1,0.9183146158854166,30
camera_normal_camera015_normal_negative_70__replay_e030,camera_normal_camera015,/mimer/NOBACKUP/groups/smart-rail/Yi Yang/CV_contact_wire/dataset0505_crop640_roi/camera/normal/camera015.png,,replay_normal_negative_fp,replay,,,,normal,trainval_pool,238,32,320,384,,,1,0.8680894639756944,30
camera_normal_camera026_normal_negative_52__replay_e030,camera_normal_camera026,/mimer/NOBACKUP/groups/smart-rail/Yi Yang/CV_contact_wire/dataset0505_crop640_roi/camera/normal/camera026.png,,replay_normal_negative_fp,replay,,,,normal,trainval_pool,234,230,384,384,,,1,0.6031290690104166,30
camera_normal_camera072_normal_negative_02__replay_e030,camera_normal_camera072,/mimer/NOBACKUP/groups/smart-rail/Yi Yang/CV_contact_wire/dataset0505_crop640_roi/camera/normal/camera072.png,,replay_normal_negative_fp,replay,,,,normal,trainval_pool,121,7,448,384,,,1,0.5857611762152778,30
camera_normal_camera077_normal_negative_90__replay_e030,camera_normal_camera077,/mimer/NOBACKUP/groups/smart-rail/Yi Yang/CV_contact_wire/dataset0505_crop640_roi/camera/normal/camera077.png,,replay_normal_negative_fp,replay,,,,normal,trainval_pool,279,112,320,384,,,1,0.7523735894097222,30
camera_normal_camera092_normal_negative_04__replay_e030,camera_normal_camera092,/mimer/NOBACKUP/groups/smart-rail/Yi Yang/CV_contact_wire/dataset0505_crop640_roi/camera/normal/camera092.png,,replay_normal_negative_fp,replay,,,,normal,trainval_pool,258,173,320,384,,,1,0.6368950737847222,30
camera_normal_camera103_normal_negative_68__replay_e030,camera_normal_camera103,/mimer/NOBACKUP/groups/smart-rail/Yi Yang/CV_contact_wire/dataset0505_crop640_roi/camera/normal/camera103.png,,replay_normal_negative_fp,replay,,,,normal,trainval_pool,7,164,384,384,,,1,0.5987345377604166,30
camera_normal_camera114_normal_negative_106__replay_e030,camera_normal_camera114,/mimer/NOBACKUP/groups/smart-rail/Yi Yang/CV_contact_wire/dataset0505_crop640_roi/camera/normal/camera114.png,,replay_normal_negative_fp,replay,,,,normal,trainval_pool,237,17,320,384,,,1,0.6687554253472222,30
phone_normal_phone002_normal_negative_79__replay_e030,phone_normal_phone002,/mimer/NOBACKUP/groups/smart-rail/Yi Yang/CV_contact_wire/dataset0505_crop640_roi/phone/normal/phone002.png,,replay_normal_negative_fp,replay,,,,normal,trainval_pool,84,179,448,384,,,1,0.8430379231770834,30
phone_normal_phone034_normal_negative_14__replay_e030,phone_normal_phone034,/mimer/NOBACKUP/groups/smart-rail/Yi Yang/CV_contact_wire/dataset0505_crop640_roi/phone/normal/phone034.png,,replay_normal_negative_fp,replay,,,,normal,trainval_pool,36,126,384,384,,,1,0.9393988715277778,30
phone_normal_phone044_normal_negative_56__replay_e030,phone_normal_phone044,/mimer/NOBACKUP/groups/smart-rail/Yi Yang/CV_contact_wire/dataset0505_crop640_roi/phone/normal/phone044.png,,replay_normal_negative_fp,replay,,,,normal,trainval_pool,119,76,384,384,,,1,0.5097791883680556,30
phone_normal_phone090_normal_negative_102__replay_e030,phone_normal_phone090,/mimer/NOBACKUP/groups/smart-rail/Yi Yang/CV_contact_wire/dataset0505_crop640_roi/phone/normal/phone090.png,,replay_normal_negative_fp,replay,,,,normal,trainval_pool,250,168,320,384,,,1,0.6600884331597222,30
phone_normal_phone138_normal_negative_62__replay_e030,phone_normal_phone138,/mimer/NOBACKUP/groups/smart-rail/Yi Yang/CV_contact_wire/dataset0505_crop640_roi/phone/normal/phone138.png,,replay_normal_negative_fp,replay,,,,normal,trainval_pool,18,30,320,384,,,1,0.6530219184027778,30
phone_normal_phone199_normal_negative_84__replay_e030,phone_normal_phone199,/mimer/NOBACKUP/groups/smart-rail/Yi Yang/CV_contact_wire/dataset0505_crop640_roi/phone/normal/phone199.png,,replay_normal_negative_fp,replay,,,,normal,trainval_pool,54,161,320,384,,,1,0.8712090386284722,30
phone_normal_phone209_normal_negative_104__replay_e030,phone_normal_phone209,/mimer/NOBACKUP/groups/smart-rail/Yi Yang/CV_contact_wire/dataset0505_crop640_roi/phone/normal/phone209.png,,replay_normal_negative_fp,replay,,,,normal,trainval_pool,312,214,320,384,,,1,0.9145372178819444,30
phone_normal_phone291_normal_negative_48__replay_e030,phone_normal_phone291,/mimer/NOBACKUP/groups/smart-rail/Yi Yang/CV_contact_wire/dataset0505_crop640_roi/phone/normal/phone291.png,,replay_normal_negative_fp,replay,,,,normal,trainval_pool,260,290,320,384,,,1,0.8927476671006944,30
phone_normal_phone301_normal_negative_73__replay_e030,phone_normal_phone301,/mimer/NOBACKUP/groups/smart-rail/Yi Yang/CV_contact_wire/dataset0505_crop640_roi/phone/normal/phone301.png,,replay_normal_negative_fp,replay,,,,normal,trainval_pool,151,80,320,384,,,1,0.6072523328993056,30
camera_crack_camera010_positive_shift_00__replay_e030,camera_crack_camera010,/mimer/NOBACKUP/groups/smart-rail/Yi Yang/CV_contact_wire/dataset0505_crop640_roi/camera/crack/camera010.png,/mimer/NOBACKUP/groups/smart-rail/Yi Yang/CV_contact_wire/UNET_two_stage/generated_masks/camera/crack/camera010.png,replay_positive_hard,replay,,,,defect,trainval_pool,239,14,320,384,0,517,1,0.38644875710369464,30
camera_crack_camera042_positive_context_00__replay_e030,camera_crack_camera042,/mimer/NOBACKUP/groups/smart-rail/Yi Yang/CV_contact_wire/dataset0505_crop640_roi/camera/crack/camera042.png,/mimer/NOBACKUP/groups/smart-rail/Yi Yang/CV_contact_wire/UNET_two_stage/generated_masks/camera/crack/camera042.png,replay_positive_hard,replay,,,,defect,trainval_pool,64,181,384,384,0,471,1,0.3860103625276293,30
camera_crack_camera052_positive_boundary_01__replay_e030,camera_crack_camera052,/mimer/NOBACKUP/groups/smart-rail/Yi Yang/CV_contact_wire/dataset0505_crop640_roi/camera/crack/camera052.png,/mimer/NOBACKUP/groups/smart-rail/Yi Yang/CV_contact_wire/UNET_two_stage/generated_masks/camera/crack/camera052.png,replay_positive_hard,replay,,,,defect,trainval_pool,59,0,448,384,0,451,1,0.3437195712329898,30
camera_crack_camera059_positive_context_00__replay_e030,camera_crack_camera059,/mimer/NOBACKUP/groups/smart-rail/Yi Yang/CV_contact_wire/dataset0505_crop640_roi/camera/crack/camera059.png,/mimer/NOBACKUP/groups/smart-rail/Yi Yang/CV_contact_wire/UNET_two_stage/generated_masks/camera/crack/camera059.png,replay_positive_hard,replay,,,,defect,trainval_pool,183,184,448,384,0,417,1,0.3715961456340191,30
camera_crack_camera076_positive_shift_00__replay_e030,camera_crack_camera076,/mimer/NOBACKUP/groups/smart-rail/Yi Yang/CV_contact_wire/dataset0505_crop640_roi/camera/crack/camera076.png,/mimer/NOBACKUP/groups/smart-rail/Yi Yang/CV_contact_wire/UNET_two_stage/generated_masks/camera/crack/camera076.png,replay_positive_hard,replay,,,,defect,trainval_pool,90,257,320,384,0,266,1,0.6106471813096831,30
camera_crack_camera084_positive_context_00__replay_e030,camera_crack_camera084,/mimer/NOBACKUP/groups/smart-rail/Yi Yang/CV_contact_wire/dataset0505_crop640_roi/camera/crack/camera084.png,/mimer/NOBACKUP/groups/smart-rail/Yi Yang/CV_contact_wire/UNET_two_stage/generated_masks/camera/crack/camera084.png,replay_positive_hard,replay,,,,defect,trainval_pool,120,129,448,384,0,1253,1,0.29932228910027825,30
camera_crack_camera088_positive_shift_00__replay_e030,camera_crack_camera088,/mimer/NOBACKUP/groups/smart-rail/Yi Yang/CV_contact_wire/dataset0505_crop640_roi/camera/crack/camera088.png,/mimer/NOBACKUP/groups/smart-rail/Yi Yang/CV_contact_wire/UNET_two_stage/generated_masks/camera/crack/camera088.png,replay_positive_hard,replay,,,,defect,trainval_pool,178,28,448,384,0,1396,1,0.3251707086590133,30
camera_crack_camera093_positive_center_00__replay_e030,camera_crack_camera093,/mimer/NOBACKUP/groups/smart-rail/Yi Yang/CV_contact_wire/dataset0505_crop640_roi/camera/crack/camera093.png,/mimer/NOBACKUP/groups/smart-rail/Yi Yang/CV_contact_wire/UNET_two_stage/generated_masks/camera/crack/camera093.png,replay_positive_hard,replay,,,,defect,trainval_pool,123,171,384,384,0,1222,1,0.38203957372348063,30
camera_crack_camera095_positive_boundary_01__replay_e030,camera_crack_camera095,/mimer/NOBACKUP/groups/smart-rail/Yi Yang/CV_contact_wire/dataset0505_crop640_roi/camera/crack/camera095.png,/mimer/NOBACKUP/groups/smart-rail/Yi Yang/CV_contact_wire/UNET_two_stage/generated_masks/camera/crack/camera095.png,replay_positive_hard,replay,,,,defect,trainval_pool,192,45,448,384,0,443,1,0.41760299586366767,30
camera_crack_camera109_positive_boundary_00__replay_e030,camera_crack_camera109,/mimer/NOBACKUP/groups/smart-rail/Yi Yang/CV_contact_wire/dataset0505_crop640_roi/camera/crack/camera109.png,/mimer/NOBACKUP/groups/smart-rail/Yi Yang/CV_contact_wire/UNET_two_stage/generated_masks/camera/crack/camera109.png,replay_positive_hard,replay,,,,defect,trainval_pool,249,185,384,384,0,1154,1,0.3035941291686589,30
camera_crack_camera115_positive_boundary_00__replay_e030,camera_crack_camera115,/mimer/NOBACKUP/groups/smart-rail/Yi Yang/CV_contact_wire/dataset0505_crop640_roi/camera/crack/camera115.png,/mimer/NOBACKUP/groups/smart-rail/Yi Yang/CV_contact_wire/UNET_two_stage/generated_masks/camera/crack/camera115.png,replay_positive_hard,replay,,,,defect,trainval_pool,115,154,320,384,0,796,1,0.3958554727960002,30
camera_crack_camera126_positive_shift_01__replay_e030,camera_crack_camera126,/mimer/NOBACKUP/groups/smart-rail/Yi Yang/CV_contact_wire/dataset0505_crop640_roi/camera/crack/camera126.png,/mimer/NOBACKUP/groups/smart-rail/Yi Yang/CV_contact_wire/UNET_two_stage/generated_masks/camera/crack/camera126.png,replay_positive_hard,replay,,,,defect,trainval_pool,83,126,448,384,0,389,1,0.6045038700883154,30
camera_crack_camera135_positive_shift_01__replay_e030,camera_crack_camera135,/mimer/NOBACKUP/groups/smart-rail/Yi Yang/CV_contact_wire/dataset0505_crop640_roi/camera/crack/camera135.png,/mimer/NOBACKUP/groups/smart-rail/Yi Yang/CV_contact_wire/UNET_two_stage/generated_masks/camera/crack/camera135.png,replay_positive_hard,replay,,,,defect,trainval_pool,162,125,320,384,1,676,1,0.38337874654177395,30
camera_crack_camera141_positive_shift_00__replay_e030,camera_crack_camera141,/mimer/NOBACKUP/groups/smart-rail/Yi Yang/CV_contact_wire/dataset0505_crop640_roi/camera/crack/camera141.png,/mimer/NOBACKUP/groups/smart-rail/Yi Yang/CV_contact_wire/UNET_two_stage/generated_masks/camera/crack/camera141.png,replay_positive_hard,replay,,,,defect,trainval_pool,97,248,384,384,0,928,1,0.3252923975419252,30
camera_crack_camera148_positive_context_00__replay_e030,camera_crack_camera148,/mimer/NOBACKUP/groups/smart-rail/Yi Yang/CV_contact_wire/dataset0505_crop640_roi/camera/crack/camera148.png,/mimer/NOBACKUP/groups/smart-rail/Yi Yang/CV_contact_wire/UNET_two_stage/generated_masks/camera/crack/camera148.png,replay_positive_hard,replay,,,,defect,trainval_pool,148,15,448,384,0,800,1,0.3714116601445956,30
camera_crack_camera153_positive_shift_00__replay_e030,camera_crack_camera153,/mimer/NOBACKUP/groups/smart-rail/Yi Yang/CV_contact_wire/dataset0505_crop640_roi/camera/crack/camera153.png,/mimer/NOBACKUP/groups/smart-rail/Yi Yang/CV_contact_wire/UNET_two_stage/generated_masks/camera/crack/camera153.png,replay_positive_hard,replay,,,,defect,trainval_pool,277,73,320,384,0,483,1,0.31011969515227433,30
camera_crack_camera161_positive_shift_00__replay_e030,camera_crack_camera161,/mimer/NOBACKUP/groups/smart-rail/Yi Yang/CV_contact_wire/dataset0505_crop640_roi/camera/crack/camera161.png,/mimer/NOBACKUP/groups/smart-rail/Yi Yang/CV_contact_wire/UNET_two_stage/generated_masks/camera/crack/camera161.png,replay_positive_hard,replay,,,,defect,trainval_pool,135,200,384,384,0,828,1,0.3500982316895488,30
camera_crack_camera164_positive_shift_00__replay_e030,camera_crack_camera164,/mimer/NOBACKUP/groups/smart-rail/Yi Yang/CV_contact_wire/dataset0505_crop640_roi/camera/crack/camera164.png,/mimer/NOBACKUP/groups/smart-rail/Yi Yang/CV_contact_wire/UNET_two_stage/generated_masks/camera/crack/camera164.png,replay_positive_hard,replay,,,,defect,trainval_pool,149,78,448,384,0,709,1,0.35111111095506164,30
camera_crack_camera166_positive_context_00__replay_e030,camera_crack_camera166,/mimer/NOBACKUP/groups/smart-rail/Yi Yang/CV_contact_wire/dataset0505_crop640_roi/camera/crack/camera166.png,/mimer/NOBACKUP/groups/smart-rail/Yi Yang/CV_contact_wire/UNET_two_stage/generated_masks/camera/crack/camera166.png,replay_positive_hard,replay,,,,defect,trainval_pool,115,25,448,384,0,984,1,0.3309647443752488,30
camera_crack_camera169_positive_shift_00__replay_e030,camera_crack_camera169,/mimer/NOBACKUP/groups/smart-rail/Yi Yang/CV_contact_wire/dataset0505_crop640_roi/camera/crack/camera169.png,/mimer/NOBACKUP/groups/smart-rail/Yi Yang/CV_contact_wire/UNET_two_stage/generated_masks/camera/crack/camera169.png,replay_positive_hard,replay,,,,defect,trainval_pool,54,60,384,384,0,480,1,0.4219294845323791,30
camera_crack_camera176_positive_center_00__replay_e030,camera_crack_camera176,/mimer/NOBACKUP/groups/smart-rail/Yi Yang/CV_contact_wire/dataset0505_crop640_roi/camera/crack/camera176.png,/mimer/NOBACKUP/groups/smart-rail/Yi Yang/CV_contact_wire/UNET_two_stage/generated_masks/camera/crack/camera176.png,replay_positive_hard,replay,,,,defect,trainval_pool,130,145,384,384,0,346,1,0.3499281951412502,30
camera_crack_camera178_positive_context_00__replay_e030,camera_crack_camera178,/mimer/NOBACKUP/groups/smart-rail/Yi Yang/CV_contact_wire/dataset0505_crop640_roi/camera/crack/camera178.png,/mimer/NOBACKUP/groups/smart-rail/Yi Yang/CV_contact_wire/UNET_two_stage/generated_masks/camera/crack/camera178.png,replay_positive_hard,replay,,,,defect,trainval_pool,243,9,384,384,0,369,1,0.8989898967197225,30
camera_crack_camera191_positive_center_00__replay_e030,camera_crack_camera191,/mimer/NOBACKUP/groups/smart-rail/Yi Yang/CV_contact_wire/dataset0505_crop640_roi/camera/crack/camera191.png,/mimer/NOBACKUP/groups/smart-rail/Yi Yang/CV_contact_wire/UNET_two_stage/generated_masks/camera/crack/camera191.png,replay_positive_hard,replay,,,,defect,trainval_pool,163,206,320,384,0,594,1,0.5385471749127339,30
camera_crack_camera193_positive_shift_01__replay_e030,camera_crack_camera193,/mimer/NOBACKUP/groups/smart-rail/Yi Yang/CV_contact_wire/dataset0505_crop640_roi/camera/crack/camera193.png,/mimer/NOBACKUP/groups/smart-rail/Yi Yang/CV_contact_wire/UNET_two_stage/generated_masks/camera/crack/camera193.png,replay_positive_hard,replay,,,,defect,trainval_pool,112,116,320,384,1,1379,1,0.26768322673215117,30
camera_crack_camera214_positive_shift_01__replay_e030,camera_crack_camera214,/mimer/NOBACKUP/groups/smart-rail/Yi Yang/CV_contact_wire/dataset0505_crop640_roi/camera/crack/camera214.png,/mimer/NOBACKUP/groups/smart-rail/Yi Yang/CV_contact_wire/UNET_two_stage/generated_masks/camera/crack/camera214.png,replay_positive_hard,replay,,,,defect,trainval_pool,212,95,320,384,1,403,1,0.2708898200307013,30
camera_crack_camera216_positive_shift_01__replay_e030,camera_crack_camera216,/mimer/NOBACKUP/groups/smart-rail/Yi Yang/CV_contact_wire/dataset0505_crop640_roi/camera/crack/camera216.png,/mimer/NOBACKUP/groups/smart-rail/Yi Yang/CV_contact_wire/UNET_two_stage/generated_masks/camera/crack/camera216.png,replay_positive_hard,replay,,,,defect,trainval_pool,90,251,384,384,1,505,1,0.32836168717586545,30
camera_crack_camera218_positive_shift_01__replay_e030,camera_crack_camera218,/mimer/NOBACKUP/groups/smart-rail/Yi Yang/CV_contact_wire/dataset0505_crop640_roi/camera/crack/camera218.png,/mimer/NOBACKUP/groups/smart-rail/Yi Yang/CV_contact_wire/UNET_two_stage/generated_masks/camera/crack/camera218.png,replay_positive_hard,replay,,,,defect,trainval_pool,159,102,320,384,1,921,1,0.2989564149173407,30
camera_crack_camera219_positive_context_00__replay_e030,camera_crack_camera219,/mimer/NOBACKUP/groups/smart-rail/Yi Yang/CV_contact_wire/dataset0505_crop640_roi/camera/crack/camera219.png,/mimer/NOBACKUP/groups/smart-rail/Yi Yang/CV_contact_wire/UNET_two_stage/generated_masks/camera/crack/camera219.png,replay_positive_hard,replay,,,,defect,trainval_pool,56,31,448,384,0,716,1,0.3574603172333586,30
camera_crack_camera222_positive_context_00__replay_e030,camera_crack_camera222,/mimer/NOBACKUP/groups/smart-rail/Yi Yang/CV_contact_wire/dataset0505_crop640_roi/camera/crack/camera222.png,/mimer/NOBACKUP/groups/smart-rail/Yi Yang/CV_contact_wire/UNET_two_stage/generated_masks/camera/crack/camera222.png,replay_positive_hard,replay,,,,defect,trainval_pool,108,46,448,384,0,389,1,0.3329032255916753,30
camera_crack_camera229_positive_center_00__replay_e030,camera_crack_camera229,/mimer/NOBACKUP/groups/smart-rail/Yi Yang/CV_contact_wire/dataset0505_crop640_roi/camera/crack/camera229.png,/mimer/NOBACKUP/groups/smart-rail/Yi Yang/CV_contact_wire/UNET_two_stage/generated_masks/camera/crack/camera229.png,replay_positive_hard,replay,,,,defect,trainval_pool,80,192,448,384,0,1192,1,0.3537400301026644,30
camera_crack_camera230_positive_boundary_01__replay_e030,camera_crack_camera230,/mimer/NOBACKUP/groups/smart-rail/Yi Yang/CV_contact_wire/dataset0505_crop640_roi/camera/crack/camera230.png,/mimer/NOBACKUP/groups/smart-rail/Yi Yang/CV_contact_wire/UNET_two_stage/generated_masks/camera/crack/camera230.png,replay_positive_hard,replay,,,,defect,trainval_pool,123,97,448,384,0,623,1,0.3941411448774027,30
camera_crack_camera233_positive_boundary_01__replay_e030,camera_crack_camera233,/mimer/NOBACKUP/groups/smart-rail/Yi Yang/CV_contact_wire/dataset0505_crop640_roi/camera/crack/camera233.png,/mimer/NOBACKUP/groups/smart-rail/Yi Yang/CV_contact_wire/UNET_two_stage/generated_masks/camera/crack/camera233.png,replay_positive_hard,replay,,,,defect,trainval_pool,0,180,448,384,1,695,1,0.3327085284808783,30
camera_crack_camera245_positive_shift_00__replay_e030,camera_crack_camera245,/mimer/NOBACKUP/groups/smart-rail/Yi Yang/CV_contact_wire/dataset0505_crop640_roi/camera/crack/camera245.png,/mimer/NOBACKUP/groups/smart-rail/Yi Yang/CV_contact_wire/UNET_two_stage/generated_masks/camera/crack/camera245.png,replay_positive_hard,replay,,,,defect,trainval_pool,49,215,320,384,0,895,1,0.3735691986541183,30
camera_crack_camera248_positive_shift_01__replay_e030,camera_crack_camera248,/mimer/NOBACKUP/groups/smart-rail/Yi Yang/CV_contact_wire/dataset0505_crop640_roi/camera/crack/camera248.png,/mimer/NOBACKUP/groups/smart-rail/Yi Yang/CV_contact_wire/UNET_two_stage/generated_masks/camera/crack/camera248.png,replay_positive_hard,replay,,,,defect,trainval_pool,119,220,384,384,0,830,1,0.4517558811961282,30
camera_crack_camera257_positive_context_00__replay_e030,camera_crack_camera257,/mimer/NOBACKUP/groups/smart-rail/Yi Yang/CV_contact_wire/dataset0505_crop640_roi/camera/crack/camera257.png,/mimer/NOBACKUP/groups/smart-rail/Yi Yang/CV_contact_wire/UNET_two_stage/generated_masks/camera/crack/camera257.png,replay_positive_hard,replay,,,,defect,trainval_pool,21,186,448,384,0,393,1,0.37826086929111535,30
camera_crack_camera270_positive_shift_01__replay_e030,camera_crack_camera270,/mimer/NOBACKUP/groups/smart-rail/Yi Yang/CV_contact_wire/dataset0505_crop640_roi/camera/crack/camera270.png,/mimer/NOBACKUP/groups/smart-rail/Yi Yang/CV_contact_wire/UNET_two_stage/generated_masks/camera/crack/camera270.png,replay_positive_hard,replay,,,,defect,trainval_pool,95,65,384,384,0,1287,1,0.3355704697120365,30
camera_crack_camera274_positive_context_00__replay_e030,camera_crack_camera274,/mimer/NOBACKUP/groups/smart-rail/Yi Yang/CV_contact_wire/dataset0505_crop640_roi/camera/crack/camera274.png,/mimer/NOBACKUP/groups/smart-rail/Yi Yang/CV_contact_wire/UNET_two_stage/generated_masks/camera/crack/camera274.png,replay_positive_hard,replay,,,,defect,trainval_pool,152,5,448,384,0,353,1,0.5042016801426452,30
camera_crack_camera280_positive_boundary_01__replay_e030,camera_crack_camera280,/mimer/NOBACKUP/groups/smart-rail/Yi Yang/CV_contact_wire/dataset0505_crop640_roi/camera/crack/camera280.png,/mimer/NOBACKUP/groups/smart-rail/Yi Yang/CV_contact_wire/UNET_two_stage/generated_masks/camera/crack/camera280.png,replay_positive_hard,replay,,,,defect,trainval_pool,118,162,384,384,1,535,1,0.34872705732719744,30
camera_crack_camera282_positive_context_00__replay_e030,camera_crack_camera282,/mimer/NOBACKUP/groups/smart-rail/Yi Yang/CV_contact_wire/dataset0505_crop640_roi/camera/crack/camera282.png,/mimer/NOBACKUP/groups/smart-rail/Yi Yang/CV_contact_wire/UNET_two_stage/generated_masks/camera/crack/camera282.png,replay_positive_hard,replay,,,,defect,trainval_pool,61,137,448,384,0,548,1,0.38705927919912453,30
camera_crack_camera292_positive_boundary_01__replay_e030,camera_crack_camera292,/mimer/NOBACKUP/groups/smart-rail/Yi Yang/CV_contact_wire/dataset0505_crop640_roi/camera/crack/camera292.png,/mimer/NOBACKUP/groups/smart-rail/Yi Yang/CV_contact_wire/UNET_two_stage/generated_masks/camera/crack/camera292.png,replay_positive_hard,replay,,,,defect,trainval_pool,109,106,384,384,0,327,1,0.5413744736736505,30
camera_crack_camera299_positive_boundary_00__replay_e030,camera_crack_camera299,/mimer/NOBACKUP/groups/smart-rail/Yi Yang/CV_contact_wire/dataset0505_crop640_roi/camera/crack/camera299.png,/mimer/NOBACKUP/groups/smart-rail/Yi Yang/CV_contact_wire/UNET_two_stage/generated_masks/camera/crack/camera299.png,replay_positive_hard,replay,,,,defect,trainval_pool,208,161,320,384,0,1803,1,0.2854110654753911,30
phone_crack_phone048_positive_context_00__replay_e030,phone_crack_phone048,/mimer/NOBACKUP/groups/smart-rail/Yi Yang/CV_contact_wire/dataset0505_crop640_roi/phone/crack/phone048.png,/mimer/NOBACKUP/groups/smart-rail/Yi Yang/CV_contact_wire/UNET_two_stage/generated_masks/phone/crack/phone048.png,replay_positive_hard,replay,,,,defect,trainval_pool,228,10,384,384,0,326,1,0.4616019814520216,30
phone_crack_phone084_positive_boundary_00__replay_e030,phone_crack_phone084,/mimer/NOBACKUP/groups/smart-rail/Yi Yang/CV_contact_wire/dataset0505_crop640_roi/phone/crack/phone084.png,/mimer/NOBACKUP/groups/smart-rail/Yi Yang/CV_contact_wire/UNET_two_stage/generated_masks/phone/crack/phone084.png,replay_positive_hard,replay,,,,defect,trainval_pool,74,245,384,384,0,145,1,0.5478806898777383,30
phone_crack_phone126_positive_shift_01__replay_e030,phone_crack_phone126,/mimer/NOBACKUP/groups/smart-rail/Yi Yang/CV_contact_wire/dataset0505_crop640_roi/phone/crack/phone126.png,/mimer/NOBACKUP/groups/smart-rail/Yi Yang/CV_contact_wire/UNET_two_stage/generated_masks/phone/crack/phone126.png,replay_positive_hard,replay,,,,defect,trainval_pool,36,102,384,384,0,129,1,0.4502164492419557,30
phone_crack_phone193_positive_shift_01__replay_e030,phone_crack_phone193,/mimer/NOBACKUP/groups/smart-rail/Yi Yang/CV_contact_wire/dataset0505_crop640_roi/phone/crack/phone193.png,/mimer/NOBACKUP/groups/smart-rail/Yi Yang/CV_contact_wire/UNET_two_stage/generated_masks/phone/crack/phone193.png,replay_positive_hard,replay,,,,defect,trainval_pool,90,241,320,384,0,120,1,0.546811396815724,30
phone_crack_phone203_positive_context_00__replay_e030,phone_crack_phone203,/mimer/NOBACKUP/groups/smart-rail/Yi Yang/CV_contact_wire/dataset0505_crop640_roi/phone/crack/phone203.png,/mimer/NOBACKUP/groups/smart-rail/Yi Yang/CV_contact_wire/UNET_two_stage/generated_masks/phone/crack/phone203.png,replay_positive_hard,replay,,,,defect,trainval_pool,171,53,448,384,0,390,1,0.26727509743510414,30
phone_crack_phone223_positive_boundary_01__replay_e030,phone_crack_phone223,/mimer/NOBACKUP/groups/smart-rail/Yi Yang/CV_contact_wire/dataset0505_crop640_roi/phone/crack/phone223.png,/mimer/NOBACKUP/groups/smart-rail/Yi Yang/CV_contact_wire/UNET_two_stage/generated_masks/phone/crack/phone223.png,replay_positive_hard,replay,,,,defect,trainval_pool,20,90,384,384,0,792,1,0.29985514229847643,30
phone_crack_phone231_positive_context_00__replay_e030,phone_crack_phone231,/mimer/NOBACKUP/groups/smart-rail/Yi Yang/CV_contact_wire/dataset0505_crop640_roi/phone/crack/phone231.png,/mimer/NOBACKUP/groups/smart-rail/Yi Yang/CV_contact_wire/UNET_two_stage/generated_masks/phone/crack/phone231.png,replay_positive_hard,replay,,,,defect,trainval_pool,108,128,448,384,0,505,1,0.2727272724517906,30
phone_crack_phone243_positive_shift_00__replay_e030,phone_crack_phone243,/mimer/NOBACKUP/groups/smart-rail/Yi Yang/CV_contact_wire/dataset0505_crop640_roi/phone/crack/phone243.png,/mimer/NOBACKUP/groups/smart-rail/Yi Yang/CV_contact_wire/UNET_two_stage/generated_masks/phone/crack/phone243.png,replay_positive_hard,replay,,,,defect,trainval_pool,140,99,448,384,0,269,1,0.34521880008878636,30
phone_crack_phone251_positive_shift_00__replay_e030,phone_crack_phone251,/mimer/NOBACKUP/groups/smart-rail/Yi Yang/CV_contact_wire/dataset0505_crop640_roi/phone/crack/phone251.png,/mimer/NOBACKUP/groups/smart-rail/Yi Yang/CV_contact_wire/UNET_two_stage/generated_masks/phone/crack/phone251.png,replay_positive_hard,replay,,,,defect,trainval_pool,42,240,320,384,0,1294,1,0.43727598553247427,30
phone_crack_phone261_positive_boundary_00__replay_e030,phone_crack_phone261,/mimer/NOBACKUP/groups/smart-rail/Yi Yang/CV_contact_wire/dataset0505_crop640_roi/phone/crack/phone261.png,/mimer/NOBACKUP/groups/smart-rail/Yi Yang/CV_contact_wire/UNET_two_stage/generated_masks/phone/crack/phone261.png,replay_positive_hard,replay,,,,defect,trainval_pool,192,115,448,384,0,87,1,0.5252525225997348,30
phone_crack_phone285_positive_boundary_00__replay_e030,phone_crack_phone285,/mimer/NOBACKUP/groups/smart-rail/Yi Yang/CV_contact_wire/dataset0505_crop640_roi/phone/crack/phone285.png,/mimer/NOBACKUP/groups/smart-rail/Yi Yang/CV_contact_wire/UNET_two_stage/generated_masks/phone/crack/phone285.png,replay_positive_hard,replay,,,,defect,trainval_pool,80,37,384,384,0,421,1,0.28156996563005987,30
phone_crack_phone305_positive_boundary_01__replay_e030,phone_crack_phone305,/mimer/NOBACKUP/groups/smart-rail/Yi Yang/CV_contact_wire/dataset0505_crop640_roi/phone/crack/phone305.png,/mimer/NOBACKUP/groups/smart-rail/Yi Yang/CV_contact_wire/UNET_two_stage/generated_masks/phone/crack/phone305.png,replay_positive_hard,replay,,,,defect,trainval_pool,81,124,320,384,0,164,1,0.40731399696429504,30
phone_crack_phone315_positive_shift_01__replay_e030,phone_crack_phone315,/mimer/NOBACKUP/groups/smart-rail/Yi Yang/CV_contact_wire/dataset0505_crop640_roi/phone/crack/phone315.png,/mimer/NOBACKUP/groups/smart-rail/Yi Yang/CV_contact_wire/UNET_two_stage/generated_masks/phone/crack/phone315.png,replay_positive_hard,replay,,,,defect,trainval_pool,144,58,448,384,0,119,1,0.5452054779583412,30
phone_crack_phone337_positive_context_00__replay_e030,phone_crack_phone337,/mimer/NOBACKUP/groups/smart-rail/Yi Yang/CV_contact_wire/dataset0505_crop640_roi/phone/crack/phone337.png,/mimer/NOBACKUP/groups/smart-rail/Yi Yang/CV_contact_wire/UNET_two_stage/generated_masks/phone/crack/phone337.png,replay_positive_hard,replay,,,,defect,trainval_pool,22,17,384,384,0,123,1,0.5599284426477129,30
phone_crack_phone347_positive_context_00__replay_e030,phone_crack_phone347,/mimer/NOBACKUP/groups/smart-rail/Yi Yang/CV_contact_wire/dataset0505_crop640_roi/phone/crack/phone347.png,/mimer/NOBACKUP/groups/smart-rail/Yi Yang/CV_contact_wire/UNET_two_stage/generated_masks/phone/crack/phone347.png,replay_positive_hard,replay,,,,defect,trainval_pool,37,171,448,384,0,2052,1,0.29661683701942687,30
phone_crack_phone357_positive_boundary_00__replay_e030,phone_crack_phone357,/mimer/NOBACKUP/groups/smart-rail/Yi Yang/CV_contact_wire/dataset0505_crop640_roi/phone/crack/phone357.png,/mimer/NOBACKUP/groups/smart-rail/Yi Yang/CV_contact_wire/UNET_two_stage/generated_masks/phone/crack/phone357.png,replay_positive_hard,replay,,,,defect,trainval_pool,0,148,448,384,0,154,1,0.5286343600690873,30
phone_crack_phone367_positive_context_00__replay_e030,phone_crack_phone367,/mimer/NOBACKUP/groups/smart-rail/Yi Yang/CV_contact_wire/dataset0505_crop640_roi/phone/crack/phone367.png,/mimer/NOBACKUP/groups/smart-rail/Yi Yang/CV_contact_wire/UNET_two_stage/generated_masks/phone/crack/phone367.png,replay_positive_hard,replay,,,,defect,trainval_pool,47,249,384,384,0,143,1,0.5878962527551927,30
phone_crack_phone391_positive_shift_01__replay_e030,phone_crack_phone391,/mimer/NOBACKUP/groups/smart-rail/Yi Yang/CV_contact_wire/dataset0505_crop640_roi/phone/crack/phone391.png,/mimer/NOBACKUP/groups/smart-rail/Yi Yang/CV_contact_wire/UNET_two_stage/generated_masks/phone/crack/phone391.png,replay_positive_hard,replay,,,,defect,trainval_pool,226,150,320,384,0,209,1,0.750609260458729,30
phone_crack_phone401_positive_boundary_00__replay_e030,phone_crack_phone401,/mimer/NOBACKUP/groups/smart-rail/Yi Yang/CV_contact_wire/dataset0505_crop640_roi/phone/crack/phone401.png,/mimer/NOBACKUP/groups/smart-rail/Yi Yang/CV_contact_wire/UNET_two_stage/generated_masks/phone/crack/phone401.png,replay_positive_hard,replay,,,,defect,trainval_pool,123,4,448,384,0,508,1,0.29760765521760035,30
phone_crack_phone430_positive_shift_01__replay_e030,phone_crack_phone430,/mimer/NOBACKUP/groups/smart-rail/Yi Yang/CV_contact_wire/dataset0505_crop640_roi/phone/crack/phone430.png,/mimer/NOBACKUP/groups/smart-rail/Yi Yang/CV_contact_wire/UNET_two_stage/generated_masks/phone/crack/phone430.png,replay_positive_hard,replay,,,,defect,trainval_pool,20,31,448,384,0,451,1,0.29723991475876865,30
phone_crack_phone464_positive_shift_00__replay_e030,phone_crack_phone464,/mimer/NOBACKUP/groups/smart-rail/Yi Yang/CV_contact_wire/dataset0505_crop640_roi/phone/crack/phone464.png,/mimer/NOBACKUP/groups/smart-rail/Yi Yang/CV_contact_wire/UNET_two_stage/generated_masks/phone/crack/phone464.png,replay_positive_hard,replay,,,,defect,trainval_pool,158,153,448,384,0,1186,1,0.34602463592906874,30
phone_crack_phone470_positive_shift_01__replay_e030,phone_crack_phone470,/mimer/NOBACKUP/groups/smart-rail/Yi Yang/CV_contact_wire/dataset0505_crop640_roi/phone/crack/phone470.png,/mimer/NOBACKUP/groups/smart-rail/Yi Yang/CV_contact_wire/UNET_two_stage/generated_masks/phone/crack/phone470.png,replay_positive_hard,replay,,,,defect,trainval_pool,185,60,384,384,0,837,1,0.26970227658944723,30
phone_crack_phone480_positive_context_00__replay_e030,phone_crack_phone480,/mimer/NOBACKUP/groups/smart-rail/Yi Yang/CV_contact_wire/dataset0505_crop640_roi/phone/crack/phone480.png,/mimer/NOBACKUP/groups/smart-rail/Yi Yang/CV_contact_wire/UNET_two_stage/generated_masks/phone/crack/phone480.png,replay_positive_hard,replay,,,,defect,trainval_pool,23,46,384,384,0,665,1,0.2590397153177002,30
phone_crack_phone498_positive_boundary_00__replay_e030,phone_crack_phone498,/mimer/NOBACKUP/groups/smart-rail/Yi Yang/CV_contact_wire/dataset0505_crop640_roi/phone/crack/phone498.png,/mimer/NOBACKUP/groups/smart-rail/Yi Yang/CV_contact_wire/UNET_two_stage/generated_masks/phone/crack/phone498.png,replay_positive_hard,replay,,,,defect,trainval_pool,121,2,448,384,0,560,1,0.2642201832438348,30
phone_crack_phone508_positive_boundary_00__replay_e030,phone_crack_phone508,/mimer/NOBACKUP/groups/smart-rail/Yi Yang/CV_contact_wire/dataset0505_crop640_roi/phone/crack/phone508.png,/mimer/NOBACKUP/groups/smart-rail/Yi Yang/CV_contact_wire/UNET_two_stage/generated_masks/phone/crack/phone508.png,replay_positive_hard,replay,,,,defect,trainval_pool,0,125,448,384,0,349,1,0.31938633149318507,30
phone_crack_phone524_positive_boundary_01__replay_e030,phone_crack_phone524,/mimer/NOBACKUP/groups/smart-rail/Yi Yang/CV_contact_wire/dataset0505_crop640_roi/phone/crack/phone524.png,/mimer/NOBACKUP/groups/smart-rail/Yi Yang/CV_contact_wire/UNET_two_stage/generated_masks/phone/crack/phone524.png,replay_positive_hard,replay,,,,defect,trainval_pool,96,30,384,384,0,141,1,0.39647577005181545,30
phone_crack_phone534_positive_boundary_00__replay_e030,phone_crack_phone534,/mimer/NOBACKUP/groups/smart-rail/Yi Yang/CV_contact_wire/dataset0505_crop640_roi/phone/crack/phone534.png,/mimer/NOBACKUP/groups/smart-rail/Yi Yang/CV_contact_wire/UNET_two_stage/generated_masks/phone/crack/phone534.png,replay_positive_hard,replay,,,,defect,trainval_pool,114,23,384,384,0,792,1,0.2755616688328465,30
phone_crack_phone552_positive_boundary_00__replay_e030,phone_crack_phone552,/mimer/NOBACKUP/groups/smart-rail/Yi Yang/CV_contact_wire/dataset0505_crop640_roi/phone/crack/phone552.png,/mimer/NOBACKUP/groups/smart-rail/Yi Yang/CV_contact_wire/UNET_two_stage/generated_masks/phone/crack/phone552.png,replay_positive_hard,replay,,,,defect,trainval_pool,83,235,384,384,0,84,1,0.786531129877343,30
phone_crack_phone554_positive_shift_00__replay_e030,phone_crack_phone554,/mimer/NOBACKUP/groups/smart-rail/Yi Yang/CV_contact_wire/dataset0505_crop640_roi/phone/crack/phone554.png,/mimer/NOBACKUP/groups/smart-rail/Yi Yang/CV_contact_wire/UNET_two_stage/generated_masks/phone/crack/phone554.png,replay_positive_hard,replay,,,,defect,trainval_pool,64,55,448,384,0,346,1,0.3226238282160323,30
phone_crack_phone562_positive_boundary_01__replay_e030,phone_crack_phone562,/mimer/NOBACKUP/groups/smart-rail/Yi Yang/CV_contact_wire/dataset0505_crop640_roi/phone/crack/phone562.png,/mimer/NOBACKUP/groups/smart-rail/Yi Yang/CV_contact_wire/UNET_two_stage/generated_masks/phone/crack/phone562.png,replay_positive_hard,replay,,,,defect,trainval_pool,246,181,320,384,0,113,1,0.33870967673647245,30
phone_crack_phone626_positive_boundary_00__replay_e030,phone_crack_phone626,/mimer/NOBACKUP/groups/smart-rail/Yi Yang/CV_contact_wire/dataset0505_crop640_roi/phone/crack/phone626.png,/mimer/NOBACKUP/groups/smart-rail/Yi Yang/CV_contact_wire/UNET_two_stage/generated_masks/phone/crack/phone626.png,replay_positive_hard,replay,,,,defect,trainval_pool,101,0,448,384,0,368,1,0.319095476986061,30
phone_crack_phone636_positive_center_00__replay_e030,phone_crack_phone636,/mimer/NOBACKUP/groups/smart-rail/Yi Yang/CV_contact_wire/dataset0505_crop640_roi/phone/crack/phone636.png,/mimer/NOBACKUP/groups/smart-rail/Yi Yang/CV_contact_wire/UNET_two_stage/generated_masks/phone/crack/phone636.png,replay_positive_hard,replay,,,,defect,trainval_pool,97,96,448,384,0,164,1,0.30835734781453217,30
phone_crack_phone646_positive_boundary_00__replay_e030,phone_crack_phone646,/mimer/NOBACKUP/groups/smart-rail/Yi Yang/CV_contact_wire/dataset0505_crop640_roi/phone/crack/phone646.png,/mimer/NOBACKUP/groups/smart-rail/Yi Yang/CV_contact_wire/UNET_two_stage/generated_masks/phone/crack/phone646.png,replay_positive_hard,replay,,,,defect,trainval_pool,238,142,384,384,0,244,1,0.35704874788267627,30
phone_crack_phone656_positive_boundary_01__replay_e030,phone_crack_phone656,/mimer/NOBACKUP/groups/smart-rail/Yi Yang/CV_contact_wire/dataset0505_crop640_roi/phone/crack/phone656.png,/mimer/NOBACKUP/groups/smart-rail/Yi Yang/CV_contact_wire/UNET_two_stage/generated_masks/phone/crack/phone656.png,replay_positive_hard,replay,,,,defect,trainval_pool,73,187,320,384,0,320,1,0.4751692999575794,30
phone_crack_phone666_positive_context_00__replay_e030,phone_crack_phone666,/mimer/NOBACKUP/groups/smart-rail/Yi Yang/CV_contact_wire/dataset0505_crop640_roi/phone/crack/phone666.png,/mimer/NOBACKUP/groups/smart-rail/Yi Yang/CV_contact_wire/UNET_two_stage/generated_masks/phone/crack/phone666.png,replay_positive_hard,replay,,,,defect,trainval_pool,108,241,384,384,0,129,1,0.5671140930081978,30
phone_crack_phone684_positive_context_00__replay_e030,phone_crack_phone684,/mimer/NOBACKUP/groups/smart-rail/Yi Yang/CV_contact_wire/dataset0505_crop640_roi/phone/crack/phone684.png,/mimer/NOBACKUP/groups/smart-rail/Yi Yang/CV_contact_wire/UNET_two_stage/generated_masks/phone/crack/phone684.png,replay_positive_hard,replay,,,,defect,trainval_pool,10,20,448,384,0,103,1,0.6351931316841349,30
phone_crack_phone714_positive_shift_00__replay_e030,phone_crack_phone714,/mimer/NOBACKUP/groups/smart-rail/Yi Yang/CV_contact_wire/dataset0505_crop640_roi/phone/crack/phone714.png,/mimer/NOBACKUP/groups/smart-rail/Yi Yang/CV_contact_wire/UNET_two_stage/generated_masks/phone/crack/phone714.png,replay_positive_hard,replay,,,,defect,trainval_pool,43,25,384,384,0,171,1,0.27542372823003447,30
phone_crack_phone724_positive_shift_00__replay_e030,phone_crack_phone724,/mimer/NOBACKUP/groups/smart-rail/Yi Yang/CV_contact_wire/dataset0505_crop640_roi/phone/crack/phone724.png,/mimer/NOBACKUP/groups/smart-rail/Yi Yang/CV_contact_wire/UNET_two_stage/generated_masks/phone/crack/phone724.png,replay_positive_hard,replay,,,,defect,trainval_pool,132,69,448,384,0,386,1,0.26976160568411345,30
phone_crack_phone732_positive_shift_01__replay_e030,phone_crack_phone732,/mimer/NOBACKUP/groups/smart-rail/Yi Yang/CV_contact_wire/dataset0505_crop640_roi/phone/crack/phone732.png,/mimer/NOBACKUP/groups/smart-rail/Yi Yang/CV_contact_wire/UNET_two_stage/generated_masks/phone/crack/phone732.png,replay_positive_hard,replay,,,,defect,trainval_pool,161,104,384,384,0,177,1,0.3370786510541598,30
phone_crack_phone790_positive_boundary_01__replay_e030,phone_crack_phone790,/mimer/NOBACKUP/groups/smart-rail/Yi Yang/CV_contact_wire/dataset0505_crop640_roi/phone/crack/phone790.png,/mimer/NOBACKUP/groups/smart-rail/Yi Yang/CV_contact_wire/UNET_two_stage/generated_masks/phone/crack/phone790.png,replay_positive_hard,replay,,,,defect,trainval_pool,231,88,384,384,0,161,1,0.49529780486630437,30
phone_crack_phone800_positive_boundary_00__replay_e030,phone_crack_phone800,/mimer/NOBACKUP/groups/smart-rail/Yi Yang/CV_contact_wire/dataset0505_crop640_roi/phone/crack/phone800.png,/mimer/NOBACKUP/groups/smart-rail/Yi Yang/CV_contact_wire/UNET_two_stage/generated_masks/phone/crack/phone800.png,replay_positive_hard,replay,,,,defect,trainval_pool,151,0,448,384,0,195,1,0.4008620681015904,30
phone_crack_phone819_positive_shift_01__replay_e030,phone_crack_phone819,/mimer/NOBACKUP/groups/smart-rail/Yi Yang/CV_contact_wire/dataset0505_crop640_roi/phone/crack/phone819.png,/mimer/NOBACKUP/groups/smart-rail/Yi Yang/CV_contact_wire/UNET_two_stage/generated_masks/phone/crack/phone819.png,replay_positive_hard,replay,,,,defect,trainval_pool,115,93,448,384,0,133,1,0.4622950804514916,30
phone_crack_phone827_positive_context_00__replay_e030,phone_crack_phone827,/mimer/NOBACKUP/groups/smart-rail/Yi Yang/CV_contact_wire/dataset0505_crop640_roi/phone/crack/phone827.png,/mimer/NOBACKUP/groups/smart-rail/Yi Yang/CV_contact_wire/UNET_two_stage/generated_masks/phone/crack/phone827.png,replay_positive_hard,replay,,,,defect,trainval_pool,250,143,384,384,0,101,1,0.6015936242996143,30
phone_crack_phone859_positive_shift_01__replay_e030,phone_crack_phone859,/mimer/NOBACKUP/groups/smart-rail/Yi Yang/CV_contact_wire/dataset0505_crop640_roi/phone/crack/phone859.png,/mimer/NOBACKUP/groups/smart-rail/Yi Yang/CV_contact_wire/UNET_two_stage/generated_masks/phone/crack/phone859.png,replay_positive_hard,replay,,,,defect,trainval_pool,156,119,320,384,0,88,1,0.48971193314874084,30
phone_crack_phone861_positive_context_00__replay_e030,phone_crack_phone861,/mimer/NOBACKUP/groups/smart-rail/Yi Yang/CV_contact_wire/dataset0505_crop640_roi/phone/crack/phone861.png,/mimer/NOBACKUP/groups/smart-rail/Yi Yang/CV_contact_wire/UNET_two_stage/generated_masks/phone/crack/phone861.png,replay_positive_hard,replay,,,,defect,trainval_pool,111,121,384,384,0,754,1,0.3109438330567783,30
phone_crack_phone919_positive_boundary_00__replay_e030,phone_crack_phone919,/mimer/NOBACKUP/groups/smart-rail/Yi Yang/CV_contact_wire/dataset0505_crop640_roi/phone/crack/phone919.png,/mimer/NOBACKUP/groups/smart-rail/Yi Yang/CV_contact_wire/UNET_two_stage/generated_masks/phone/crack/phone919.png,replay_positive_hard,replay,,,,defect,trainval_pool,35,123,384,384,0,487,1,0.32664092638869435,30
phone_crack_phone935_positive_center_00__replay_e030,phone_crack_phone935,/mimer/NOBACKUP/groups/smart-rail/Yi Yang/CV_contact_wire/dataset0505_crop640_roi/phone/crack/phone935.png,/mimer/NOBACKUP/groups/smart-rail/Yi Yang/CV_contact_wire/UNET_two_stage/generated_masks/phone/crack/phone935.png,replay_positive_hard,replay,,,,defect,trainval_pool,96,96,448,384,0,627,1,0.3826834101898986,30
phone_crack_phone959_positive_boundary_01__replay_e030,phone_crack_phone959,/mimer/NOBACKUP/groups/smart-rail/Yi Yang/CV_contact_wire/dataset0505_crop640_roi/phone/crack/phone959.png,/mimer/NOBACKUP/groups/smart-rail/Yi Yang/CV_contact_wire/UNET_two_stage/generated_masks/phone/crack/phone959.png,replay_positive_hard,replay,,,,defect,trainval_pool,188,115,448,384,0,502,1,0.2611336029745611,30
phone_crack_phone991_positive_context_00__replay_e030,phone_crack_phone991,/mimer/NOBACKUP/groups/smart-rail/Yi Yang/CV_contact_wire/dataset0505_crop640_roi/phone/crack/phone991.png,/mimer/NOBACKUP/groups/smart-rail/Yi Yang/CV_contact_wire/UNET_two_stage/generated_masks/phone/crack/phone991.png,replay_positive_hard,replay,,,,defect,trainval_pool,98,59,448,384,0,538,1,0.35049833857932033,30
