split,image,label,boxes,visualization,thumbnail
train,images/train/camera_crack_camera004.png,labels/train/camera_crack_camera004.txt,1,train/camera_crack_camera004.jpg,thumbs/train/camera_crack_camera004.jpg
train,images/train/camera_crack_camera010.png,labels/train/camera_crack_camera010.txt,1,train/camera_crack_camera010.jpg,thumbs/train/camera_crack_camera010.jpg
train,images/train/camera_crack_camera011.png,labels/train/camera_crack_camera011.txt,1,train/camera_crack_camera011.jpg,thumbs/train/camera_crack_camera011.jpg
train,images/train/camera_crack_camera021.png,labels/train/camera_crack_camera021.txt,1,train/camera_crack_camera021.jpg,thumbs/train/camera_crack_camera021.jpg
train,images/train/camera_crack_camera029.png,labels/train/camera_crack_camera029.txt,1,train/camera_crack_camera029.jpg,thumbs/train/camera_crack_camera029.jpg
train,images/train/camera_crack_camera042.png,labels/train/camera_crack_camera042.txt,1,train/camera_crack_camera042.jpg,thumbs/train/camera_crack_camera042.jpg
train,images/train/camera_crack_camera044.png,labels/train/camera_crack_camera044.txt,1,train/camera_crack_camera044.jpg,thumbs/train/camera_crack_camera044.jpg
train,images/train/camera_crack_camera047.png,labels/train/camera_crack_camera047.txt,1,train/camera_crack_camera047.jpg,thumbs/train/camera_crack_camera047.jpg
train,images/train/camera_crack_camera049.png,labels/train/camera_crack_camera049.txt,1,train/camera_crack_camera049.jpg,thumbs/train/camera_crack_camera049.jpg
train,images/train/camera_crack_camera056.png,labels/train/camera_crack_camera056.txt,1,train/camera_crack_camera056.jpg,thumbs/train/camera_crack_camera056.jpg
train,images/train/camera_crack_camera060.png,labels/train/camera_crack_camera060.txt,1,train/camera_crack_camera060.jpg,thumbs/train/camera_crack_camera060.jpg
train,images/train/camera_crack_camera080.png,labels/train/camera_crack_camera080.txt,1,train/camera_crack_camera080.jpg,thumbs/train/camera_crack_camera080.jpg
train,images/train/camera_crack_camera081.png,labels/train/camera_crack_camera081.txt,1,train/camera_crack_camera081.jpg,thumbs/train/camera_crack_camera081.jpg
train,images/train/camera_crack_camera082.png,labels/train/camera_crack_camera082.txt,1,train/camera_crack_camera082.jpg,thumbs/train/camera_crack_camera082.jpg
train,images/train/camera_crack_camera084.png,labels/train/camera_crack_camera084.txt,1,train/camera_crack_camera084.jpg,thumbs/train/camera_crack_camera084.jpg
train,images/train/camera_crack_camera087.png,labels/train/camera_crack_camera087.txt,1,train/camera_crack_camera087.jpg,thumbs/train/camera_crack_camera087.jpg
train,images/train/camera_crack_camera088.png,labels/train/camera_crack_camera088.txt,1,train/camera_crack_camera088.jpg,thumbs/train/camera_crack_camera088.jpg
train,images/train/camera_crack_camera093.png,labels/train/camera_crack_camera093.txt,1,train/camera_crack_camera093.jpg,thumbs/train/camera_crack_camera093.jpg
train,images/train/camera_crack_camera099.png,labels/train/camera_crack_camera099.txt,1,train/camera_crack_camera099.jpg,thumbs/train/camera_crack_camera099.jpg
train,images/train/camera_crack_camera110.png,labels/train/camera_crack_camera110.txt,1,train/camera_crack_camera110.jpg,thumbs/train/camera_crack_camera110.jpg
train,images/train/camera_crack_camera111.png,labels/train/camera_crack_camera111.txt,1,train/camera_crack_camera111.jpg,thumbs/train/camera_crack_camera111.jpg
train,images/train/camera_crack_camera112.png,labels/train/camera_crack_camera112.txt,1,train/camera_crack_camera112.jpg,thumbs/train/camera_crack_camera112.jpg
train,images/train/camera_crack_camera115.png,labels/train/camera_crack_camera115.txt,1,train/camera_crack_camera115.jpg,thumbs/train/camera_crack_camera115.jpg
train,images/train/camera_crack_camera130.png,labels/train/camera_crack_camera130.txt,1,train/camera_crack_camera130.jpg,thumbs/train/camera_crack_camera130.jpg
train,images/train/camera_crack_camera136.png,labels/train/camera_crack_camera136.txt,1,train/camera_crack_camera136.jpg,thumbs/train/camera_crack_camera136.jpg
train,images/train/camera_crack_camera137.png,labels/train/camera_crack_camera137.txt,1,train/camera_crack_camera137.jpg,thumbs/train/camera_crack_camera137.jpg
train,images/train/camera_crack_camera141.png,labels/train/camera_crack_camera141.txt,1,train/camera_crack_camera141.jpg,thumbs/train/camera_crack_camera141.jpg
train,images/train/camera_crack_camera144.png,labels/train/camera_crack_camera144.txt,1,train/camera_crack_camera144.jpg,thumbs/train/camera_crack_camera144.jpg
train,images/train/camera_crack_camera147.png,labels/train/camera_crack_camera147.txt,1,train/camera_crack_camera147.jpg,thumbs/train/camera_crack_camera147.jpg
train,images/train/camera_crack_camera148.png,labels/train/camera_crack_camera148.txt,1,train/camera_crack_camera148.jpg,thumbs/train/camera_crack_camera148.jpg
train,images/train/camera_crack_camera152.png,labels/train/camera_crack_camera152.txt,1,train/camera_crack_camera152.jpg,thumbs/train/camera_crack_camera152.jpg
train,images/train/camera_crack_camera153.png,labels/train/camera_crack_camera153.txt,1,train/camera_crack_camera153.jpg,thumbs/train/camera_crack_camera153.jpg
train,images/train/camera_crack_camera154.png,labels/train/camera_crack_camera154.txt,1,train/camera_crack_camera154.jpg,thumbs/train/camera_crack_camera154.jpg
train,images/train/camera_crack_camera155.png,labels/train/camera_crack_camera155.txt,1,train/camera_crack_camera155.jpg,thumbs/train/camera_crack_camera155.jpg
train,images/train/camera_crack_camera163.png,labels/train/camera_crack_camera163.txt,1,train/camera_crack_camera163.jpg,thumbs/train/camera_crack_camera163.jpg
train,images/train/camera_crack_camera169.png,labels/train/camera_crack_camera169.txt,1,train/camera_crack_camera169.jpg,thumbs/train/camera_crack_camera169.jpg
train,images/train/camera_crack_camera170.png,labels/train/camera_crack_camera170.txt,1,train/camera_crack_camera170.jpg,thumbs/train/camera_crack_camera170.jpg
train,images/train/camera_crack_camera171.png,labels/train/camera_crack_camera171.txt,1,train/camera_crack_camera171.jpg,thumbs/train/camera_crack_camera171.jpg
train,images/train/camera_crack_camera173.png,labels/train/camera_crack_camera173.txt,1,train/camera_crack_camera173.jpg,thumbs/train/camera_crack_camera173.jpg
train,images/train/camera_crack_camera174.png,labels/train/camera_crack_camera174.txt,1,train/camera_crack_camera174.jpg,thumbs/train/camera_crack_camera174.jpg
train,images/train/camera_crack_camera176.png,labels/train/camera_crack_camera176.txt,1,train/camera_crack_camera176.jpg,thumbs/train/camera_crack_camera176.jpg
train,images/train/camera_crack_camera177.png,labels/train/camera_crack_camera177.txt,1,train/camera_crack_camera177.jpg,thumbs/train/camera_crack_camera177.jpg
train,images/train/camera_crack_camera178.png,labels/train/camera_crack_camera178.txt,1,train/camera_crack_camera178.jpg,thumbs/train/camera_crack_camera178.jpg
train,images/train/camera_crack_camera180.png,labels/train/camera_crack_camera180.txt,1,train/camera_crack_camera180.jpg,thumbs/train/camera_crack_camera180.jpg
train,images/train/camera_crack_camera181.png,labels/train/camera_crack_camera181.txt,1,train/camera_crack_camera181.jpg,thumbs/train/camera_crack_camera181.jpg
train,images/train/camera_crack_camera189.png,labels/train/camera_crack_camera189.txt,1,train/camera_crack_camera189.jpg,thumbs/train/camera_crack_camera189.jpg
train,images/train/camera_crack_camera196.png,labels/train/camera_crack_camera196.txt,1,train/camera_crack_camera196.jpg,thumbs/train/camera_crack_camera196.jpg
train,images/train/camera_crack_camera198.png,labels/train/camera_crack_camera198.txt,1,train/camera_crack_camera198.jpg,thumbs/train/camera_crack_camera198.jpg
train,images/train/camera_crack_camera202.png,labels/train/camera_crack_camera202.txt,1,train/camera_crack_camera202.jpg,thumbs/train/camera_crack_camera202.jpg
train,images/train/camera_crack_camera203.png,labels/train/camera_crack_camera203.txt,1,train/camera_crack_camera203.jpg,thumbs/train/camera_crack_camera203.jpg
train,images/train/camera_crack_camera206.png,labels/train/camera_crack_camera206.txt,1,train/camera_crack_camera206.jpg,thumbs/train/camera_crack_camera206.jpg
train,images/train/camera_crack_camera207.png,labels/train/camera_crack_camera207.txt,1,train/camera_crack_camera207.jpg,thumbs/train/camera_crack_camera207.jpg
train,images/train/camera_crack_camera209.png,labels/train/camera_crack_camera209.txt,1,train/camera_crack_camera209.jpg,thumbs/train/camera_crack_camera209.jpg
train,images/train/camera_crack_camera211.png,labels/train/camera_crack_camera211.txt,1,train/camera_crack_camera211.jpg,thumbs/train/camera_crack_camera211.jpg
train,images/train/camera_crack_camera212.png,labels/train/camera_crack_camera212.txt,1,train/camera_crack_camera212.jpg,thumbs/train/camera_crack_camera212.jpg
train,images/train/camera_crack_camera216.png,labels/train/camera_crack_camera216.txt,1,train/camera_crack_camera216.jpg,thumbs/train/camera_crack_camera216.jpg
train,images/train/camera_crack_camera218.png,labels/train/camera_crack_camera218.txt,1,train/camera_crack_camera218.jpg,thumbs/train/camera_crack_camera218.jpg
train,images/train/camera_crack_camera219.png,labels/train/camera_crack_camera219.txt,1,train/camera_crack_camera219.jpg,thumbs/train/camera_crack_camera219.jpg
train,images/train/camera_crack_camera222.png,labels/train/camera_crack_camera222.txt,1,train/camera_crack_camera222.jpg,thumbs/train/camera_crack_camera222.jpg
train,images/train/camera_crack_camera228.png,labels/train/camera_crack_camera228.txt,1,train/camera_crack_camera228.jpg,thumbs/train/camera_crack_camera228.jpg
train,images/train/camera_crack_camera229.png,labels/train/camera_crack_camera229.txt,1,train/camera_crack_camera229.jpg,thumbs/train/camera_crack_camera229.jpg
train,images/train/camera_crack_camera230.png,labels/train/camera_crack_camera230.txt,1,train/camera_crack_camera230.jpg,thumbs/train/camera_crack_camera230.jpg
train,images/train/camera_crack_camera234.png,labels/train/camera_crack_camera234.txt,1,train/camera_crack_camera234.jpg,thumbs/train/camera_crack_camera234.jpg
train,images/train/camera_crack_camera236.png,labels/train/camera_crack_camera236.txt,1,train/camera_crack_camera236.jpg,thumbs/train/camera_crack_camera236.jpg
train,images/train/camera_crack_camera239.png,labels/train/camera_crack_camera239.txt,1,train/camera_crack_camera239.jpg,thumbs/train/camera_crack_camera239.jpg
train,images/train/camera_crack_camera243.png,labels/train/camera_crack_camera243.txt,1,train/camera_crack_camera243.jpg,thumbs/train/camera_crack_camera243.jpg
train,images/train/camera_crack_camera245.png,labels/train/camera_crack_camera245.txt,1,train/camera_crack_camera245.jpg,thumbs/train/camera_crack_camera245.jpg
train,images/train/camera_crack_camera246.png,labels/train/camera_crack_camera246.txt,1,train/camera_crack_camera246.jpg,thumbs/train/camera_crack_camera246.jpg
train,images/train/camera_crack_camera247.png,labels/train/camera_crack_camera247.txt,1,train/camera_crack_camera247.jpg,thumbs/train/camera_crack_camera247.jpg
train,images/train/camera_crack_camera248.png,labels/train/camera_crack_camera248.txt,1,train/camera_crack_camera248.jpg,thumbs/train/camera_crack_camera248.jpg
train,images/train/camera_crack_camera249.png,labels/train/camera_crack_camera249.txt,1,train/camera_crack_camera249.jpg,thumbs/train/camera_crack_camera249.jpg
train,images/train/camera_crack_camera250.png,labels/train/camera_crack_camera250.txt,1,train/camera_crack_camera250.jpg,thumbs/train/camera_crack_camera250.jpg
train,images/train/camera_crack_camera252.png,labels/train/camera_crack_camera252.txt,1,train/camera_crack_camera252.jpg,thumbs/train/camera_crack_camera252.jpg
train,images/train/camera_crack_camera253.png,labels/train/camera_crack_camera253.txt,1,train/camera_crack_camera253.jpg,thumbs/train/camera_crack_camera253.jpg
train,images/train/camera_crack_camera254.png,labels/train/camera_crack_camera254.txt,1,train/camera_crack_camera254.jpg,thumbs/train/camera_crack_camera254.jpg
train,images/train/camera_crack_camera255.png,labels/train/camera_crack_camera255.txt,1,train/camera_crack_camera255.jpg,thumbs/train/camera_crack_camera255.jpg
train,images/train/camera_crack_camera257.png,labels/train/camera_crack_camera257.txt,1,train/camera_crack_camera257.jpg,thumbs/train/camera_crack_camera257.jpg
train,images/train/camera_crack_camera261.png,labels/train/camera_crack_camera261.txt,1,train/camera_crack_camera261.jpg,thumbs/train/camera_crack_camera261.jpg
train,images/train/camera_crack_camera262.png,labels/train/camera_crack_camera262.txt,1,train/camera_crack_camera262.jpg,thumbs/train/camera_crack_camera262.jpg
train,images/train/camera_crack_camera266.png,labels/train/camera_crack_camera266.txt,1,train/camera_crack_camera266.jpg,thumbs/train/camera_crack_camera266.jpg
train,images/train/camera_crack_camera270.png,labels/train/camera_crack_camera270.txt,1,train/camera_crack_camera270.jpg,thumbs/train/camera_crack_camera270.jpg
train,images/train/camera_crack_camera272.png,labels/train/camera_crack_camera272.txt,1,train/camera_crack_camera272.jpg,thumbs/train/camera_crack_camera272.jpg
train,images/train/camera_crack_camera276.png,labels/train/camera_crack_camera276.txt,1,train/camera_crack_camera276.jpg,thumbs/train/camera_crack_camera276.jpg
train,images/train/camera_crack_camera278.png,labels/train/camera_crack_camera278.txt,1,train/camera_crack_camera278.jpg,thumbs/train/camera_crack_camera278.jpg
train,images/train/camera_crack_camera279.png,labels/train/camera_crack_camera279.txt,1,train/camera_crack_camera279.jpg,thumbs/train/camera_crack_camera279.jpg
train,images/train/camera_crack_camera282.png,labels/train/camera_crack_camera282.txt,1,train/camera_crack_camera282.jpg,thumbs/train/camera_crack_camera282.jpg
train,images/train/camera_crack_camera284.png,labels/train/camera_crack_camera284.txt,1,train/camera_crack_camera284.jpg,thumbs/train/camera_crack_camera284.jpg
train,images/train/camera_crack_camera286.png,labels/train/camera_crack_camera286.txt,1,train/camera_crack_camera286.jpg,thumbs/train/camera_crack_camera286.jpg
train,images/train/camera_crack_camera287.png,labels/train/camera_crack_camera287.txt,1,train/camera_crack_camera287.jpg,thumbs/train/camera_crack_camera287.jpg
train,images/train/camera_crack_camera289.png,labels/train/camera_crack_camera289.txt,1,train/camera_crack_camera289.jpg,thumbs/train/camera_crack_camera289.jpg
train,images/train/camera_crack_camera290.png,labels/train/camera_crack_camera290.txt,1,train/camera_crack_camera290.jpg,thumbs/train/camera_crack_camera290.jpg
train,images/train/camera_crack_camera292.png,labels/train/camera_crack_camera292.txt,1,train/camera_crack_camera292.jpg,thumbs/train/camera_crack_camera292.jpg
train,images/train/camera_crack_camera293.png,labels/train/camera_crack_camera293.txt,1,train/camera_crack_camera293.jpg,thumbs/train/camera_crack_camera293.jpg
train,images/train/camera_crack_camera299.png,labels/train/camera_crack_camera299.txt,1,train/camera_crack_camera299.jpg,thumbs/train/camera_crack_camera299.jpg
train,images/train/camera_normal_camera001.png,labels/train/camera_normal_camera001.txt,0,train/camera_normal_camera001.jpg,thumbs/train/camera_normal_camera001.jpg
train,images/train/camera_normal_camera005.png,labels/train/camera_normal_camera005.txt,0,train/camera_normal_camera005.jpg,thumbs/train/camera_normal_camera005.jpg
train,images/train/camera_normal_camera006.png,labels/train/camera_normal_camera006.txt,0,train/camera_normal_camera006.jpg,thumbs/train/camera_normal_camera006.jpg
train,images/train/camera_normal_camera015.png,labels/train/camera_normal_camera015.txt,0,train/camera_normal_camera015.jpg,thumbs/train/camera_normal_camera015.jpg
train,images/train/camera_normal_camera022.png,labels/train/camera_normal_camera022.txt,0,train/camera_normal_camera022.jpg,thumbs/train/camera_normal_camera022.jpg
train,images/train/camera_normal_camera026.png,labels/train/camera_normal_camera026.txt,0,train/camera_normal_camera026.jpg,thumbs/train/camera_normal_camera026.jpg
train,images/train/camera_normal_camera034.png,labels/train/camera_normal_camera034.txt,0,train/camera_normal_camera034.jpg,thumbs/train/camera_normal_camera034.jpg
train,images/train/camera_normal_camera043.png,labels/train/camera_normal_camera043.txt,0,train/camera_normal_camera043.jpg,thumbs/train/camera_normal_camera043.jpg
train,images/train/camera_normal_camera045.png,labels/train/camera_normal_camera045.txt,0,train/camera_normal_camera045.jpg,thumbs/train/camera_normal_camera045.jpg
train,images/train/camera_normal_camera046.png,labels/train/camera_normal_camera046.txt,0,train/camera_normal_camera046.jpg,thumbs/train/camera_normal_camera046.jpg
train,images/train/camera_normal_camera050.png,labels/train/camera_normal_camera050.txt,0,train/camera_normal_camera050.jpg,thumbs/train/camera_normal_camera050.jpg
train,images/train/camera_normal_camera051.png,labels/train/camera_normal_camera051.txt,0,train/camera_normal_camera051.jpg,thumbs/train/camera_normal_camera051.jpg
train,images/train/camera_normal_camera062.png,labels/train/camera_normal_camera062.txt,0,train/camera_normal_camera062.jpg,thumbs/train/camera_normal_camera062.jpg
train,images/train/camera_normal_camera066.png,labels/train/camera_normal_camera066.txt,0,train/camera_normal_camera066.jpg,thumbs/train/camera_normal_camera066.jpg
train,images/train/camera_normal_camera077.png,labels/train/camera_normal_camera077.txt,0,train/camera_normal_camera077.jpg,thumbs/train/camera_normal_camera077.jpg
train,images/train/camera_normal_camera085.png,labels/train/camera_normal_camera085.txt,0,train/camera_normal_camera085.jpg,thumbs/train/camera_normal_camera085.jpg
train,images/train/camera_normal_camera086.png,labels/train/camera_normal_camera086.txt,0,train/camera_normal_camera086.jpg,thumbs/train/camera_normal_camera086.jpg
train,images/train/camera_normal_camera089.png,labels/train/camera_normal_camera089.txt,0,train/camera_normal_camera089.jpg,thumbs/train/camera_normal_camera089.jpg
train,images/train/camera_normal_camera098.png,labels/train/camera_normal_camera098.txt,0,train/camera_normal_camera098.jpg,thumbs/train/camera_normal_camera098.jpg
train,images/train/camera_normal_camera103.png,labels/train/camera_normal_camera103.txt,0,train/camera_normal_camera103.jpg,thumbs/train/camera_normal_camera103.jpg
train,images/train/camera_normal_camera108.png,labels/train/camera_normal_camera108.txt,0,train/camera_normal_camera108.jpg,thumbs/train/camera_normal_camera108.jpg
train,images/train/camera_normal_camera132.png,labels/train/camera_normal_camera132.txt,0,train/camera_normal_camera132.jpg,thumbs/train/camera_normal_camera132.jpg
train,images/train/phone_crack_phone006.png,labels/train/phone_crack_phone006.txt,1,train/phone_crack_phone006.jpg,thumbs/train/phone_crack_phone006.jpg
train,images/train/phone_crack_phone026.png,labels/train/phone_crack_phone026.txt,1,train/phone_crack_phone026.jpg,thumbs/train/phone_crack_phone026.jpg
train,images/train/phone_crack_phone040.png,labels/train/phone_crack_phone040.txt,1,train/phone_crack_phone040.jpg,thumbs/train/phone_crack_phone040.jpg
train,images/train/phone_crack_phone048.png,labels/train/phone_crack_phone048.txt,1,train/phone_crack_phone048.jpg,thumbs/train/phone_crack_phone048.jpg
train,images/train/phone_crack_phone060.png,labels/train/phone_crack_phone060.txt,1,train/phone_crack_phone060.jpg,thumbs/train/phone_crack_phone060.jpg
train,images/train/phone_crack_phone072.png,labels/train/phone_crack_phone072.txt,1,train/phone_crack_phone072.jpg,thumbs/train/phone_crack_phone072.jpg
train,images/train/phone_crack_phone084.png,labels/train/phone_crack_phone084.txt,1,train/phone_crack_phone084.jpg,thumbs/train/phone_crack_phone084.jpg
train,images/train/phone_crack_phone116.png,labels/train/phone_crack_phone116.txt,1,train/phone_crack_phone116.jpg,thumbs/train/phone_crack_phone116.jpg
train,images/train/phone_crack_phone126.png,labels/train/phone_crack_phone126.txt,1,train/phone_crack_phone126.jpg,thumbs/train/phone_crack_phone126.jpg
train,images/train/phone_crack_phone150.png,labels/train/phone_crack_phone150.txt,1,train/phone_crack_phone150.jpg,thumbs/train/phone_crack_phone150.jpg
train,images/train/phone_crack_phone154.png,labels/train/phone_crack_phone154.txt,1,train/phone_crack_phone154.jpg,thumbs/train/phone_crack_phone154.jpg
train,images/train/phone_crack_phone164.png,labels/train/phone_crack_phone164.txt,1,train/phone_crack_phone164.jpg,thumbs/train/phone_crack_phone164.jpg
train,images/train/phone_crack_phone184.png,labels/train/phone_crack_phone184.txt,1,train/phone_crack_phone184.jpg,thumbs/train/phone_crack_phone184.jpg
train,images/train/phone_crack_phone193.png,labels/train/phone_crack_phone193.txt,1,train/phone_crack_phone193.jpg,thumbs/train/phone_crack_phone193.jpg
train,images/train/phone_crack_phone213.png,labels/train/phone_crack_phone213.txt,1,train/phone_crack_phone213.jpg,thumbs/train/phone_crack_phone213.jpg
train,images/train/phone_crack_phone223.png,labels/train/phone_crack_phone223.txt,1,train/phone_crack_phone223.jpg,thumbs/train/phone_crack_phone223.jpg
train,images/train/phone_crack_phone243.png,labels/train/phone_crack_phone243.txt,1,train/phone_crack_phone243.jpg,thumbs/train/phone_crack_phone243.jpg
train,images/train/phone_crack_phone251.png,labels/train/phone_crack_phone251.txt,1,train/phone_crack_phone251.jpg,thumbs/train/phone_crack_phone251.jpg
train,images/train/phone_crack_phone273.png,labels/train/phone_crack_phone273.txt,1,train/phone_crack_phone273.jpg,thumbs/train/phone_crack_phone273.jpg
train,images/train/phone_crack_phone285.png,labels/train/phone_crack_phone285.txt,1,train/phone_crack_phone285.jpg,thumbs/train/phone_crack_phone285.jpg
train,images/train/phone_crack_phone315.png,labels/train/phone_crack_phone315.txt,1,train/phone_crack_phone315.jpg,thumbs/train/phone_crack_phone315.jpg
train,images/train/phone_crack_phone325.png,labels/train/phone_crack_phone325.txt,1,train/phone_crack_phone325.jpg,thumbs/train/phone_crack_phone325.jpg
train,images/train/phone_crack_phone337.png,labels/train/phone_crack_phone337.txt,1,train/phone_crack_phone337.jpg,thumbs/train/phone_crack_phone337.jpg
train,images/train/phone_crack_phone339.png,labels/train/phone_crack_phone339.txt,1,train/phone_crack_phone339.jpg,thumbs/train/phone_crack_phone339.jpg
train,images/train/phone_crack_phone347.png,labels/train/phone_crack_phone347.txt,1,train/phone_crack_phone347.jpg,thumbs/train/phone_crack_phone347.jpg
train,images/train/phone_crack_phone391.png,labels/train/phone_crack_phone391.txt,1,train/phone_crack_phone391.jpg,thumbs/train/phone_crack_phone391.jpg
train,images/train/phone_crack_phone401.png,labels/train/phone_crack_phone401.txt,1,train/phone_crack_phone401.jpg,thumbs/train/phone_crack_phone401.jpg
train,images/train/phone_crack_phone430.png,labels/train/phone_crack_phone430.txt,1,train/phone_crack_phone430.jpg,thumbs/train/phone_crack_phone430.jpg
train,images/train/phone_crack_phone454.png,labels/train/phone_crack_phone454.txt,1,train/phone_crack_phone454.jpg,thumbs/train/phone_crack_phone454.jpg
train,images/train/phone_crack_phone464.png,labels/train/phone_crack_phone464.txt,1,train/phone_crack_phone464.jpg,thumbs/train/phone_crack_phone464.jpg
train,images/train/phone_crack_phone470.png,labels/train/phone_crack_phone470.txt,1,train/phone_crack_phone470.jpg,thumbs/train/phone_crack_phone470.jpg
train,images/train/phone_crack_phone498.png,labels/train/phone_crack_phone498.txt,1,train/phone_crack_phone498.jpg,thumbs/train/phone_crack_phone498.jpg
train,images/train/phone_crack_phone508.png,labels/train/phone_crack_phone508.txt,1,train/phone_crack_phone508.jpg,thumbs/train/phone_crack_phone508.jpg
train,images/train/phone_crack_phone524.png,labels/train/phone_crack_phone524.txt,1,train/phone_crack_phone524.jpg,thumbs/train/phone_crack_phone524.jpg
train,images/train/phone_crack_phone534.png,labels/train/phone_crack_phone534.txt,1,train/phone_crack_phone534.jpg,thumbs/train/phone_crack_phone534.jpg
train,images/train/phone_crack_phone546.png,labels/train/phone_crack_phone546.txt,1,train/phone_crack_phone546.jpg,thumbs/train/phone_crack_phone546.jpg
train,images/train/phone_crack_phone552.png,labels/train/phone_crack_phone552.txt,1,train/phone_crack_phone552.jpg,thumbs/train/phone_crack_phone552.jpg
train,images/train/phone_crack_phone554.png,labels/train/phone_crack_phone554.txt,1,train/phone_crack_phone554.jpg,thumbs/train/phone_crack_phone554.jpg
train,images/train/phone_crack_phone556.png,labels/train/phone_crack_phone556.txt,1,train/phone_crack_phone556.jpg,thumbs/train/phone_crack_phone556.jpg
train,images/train/phone_crack_phone564.png,labels/train/phone_crack_phone564.txt,1,train/phone_crack_phone564.jpg,thumbs/train/phone_crack_phone564.jpg
train,images/train/phone_crack_phone594.png,labels/train/phone_crack_phone594.txt,1,train/phone_crack_phone594.jpg,thumbs/train/phone_crack_phone594.jpg
train,images/train/phone_crack_phone636.png,labels/train/phone_crack_phone636.txt,1,train/phone_crack_phone636.jpg,thumbs/train/phone_crack_phone636.jpg
train,images/train/phone_crack_phone638.png,labels/train/phone_crack_phone638.txt,1,train/phone_crack_phone638.jpg,thumbs/train/phone_crack_phone638.jpg
train,images/train/phone_crack_phone646.png,labels/train/phone_crack_phone646.txt,1,train/phone_crack_phone646.jpg,thumbs/train/phone_crack_phone646.jpg
train,images/train/phone_crack_phone648.png,labels/train/phone_crack_phone648.txt,1,train/phone_crack_phone648.jpg,thumbs/train/phone_crack_phone648.jpg
train,images/train/phone_crack_phone656.png,labels/train/phone_crack_phone656.txt,1,train/phone_crack_phone656.jpg,thumbs/train/phone_crack_phone656.jpg
train,images/train/phone_crack_phone666.png,labels/train/phone_crack_phone666.txt,1,train/phone_crack_phone666.jpg,thumbs/train/phone_crack_phone666.jpg
train,images/train/phone_crack_phone668.png,labels/train/phone_crack_phone668.txt,1,train/phone_crack_phone668.jpg,thumbs/train/phone_crack_phone668.jpg
train,images/train/phone_crack_phone676.png,labels/train/phone_crack_phone676.txt,1,train/phone_crack_phone676.jpg,thumbs/train/phone_crack_phone676.jpg
train,images/train/phone_crack_phone686.png,labels/train/phone_crack_phone686.txt,1,train/phone_crack_phone686.jpg,thumbs/train/phone_crack_phone686.jpg
train,images/train/phone_crack_phone732.png,labels/train/phone_crack_phone732.txt,1,train/phone_crack_phone732.jpg,thumbs/train/phone_crack_phone732.jpg
train,images/train/phone_crack_phone754.png,labels/train/phone_crack_phone754.txt,1,train/phone_crack_phone754.jpg,thumbs/train/phone_crack_phone754.jpg
train,images/train/phone_crack_phone760.png,labels/train/phone_crack_phone760.txt,1,train/phone_crack_phone760.jpg,thumbs/train/phone_crack_phone760.jpg
train,images/train/phone_crack_phone762.png,labels/train/phone_crack_phone762.txt,1,train/phone_crack_phone762.jpg,thumbs/train/phone_crack_phone762.jpg
train,images/train/phone_crack_phone770.png,labels/train/phone_crack_phone770.txt,1,train/phone_crack_phone770.jpg,thumbs/train/phone_crack_phone770.jpg
train,images/train/phone_crack_phone780.png,labels/train/phone_crack_phone780.txt,1,train/phone_crack_phone780.jpg,thumbs/train/phone_crack_phone780.jpg
train,images/train/phone_crack_phone790.png,labels/train/phone_crack_phone790.txt,1,train/phone_crack_phone790.jpg,thumbs/train/phone_crack_phone790.jpg
train,images/train/phone_crack_phone800.png,labels/train/phone_crack_phone800.txt,1,train/phone_crack_phone800.jpg,thumbs/train/phone_crack_phone800.jpg
train,images/train/phone_crack_phone827.png,labels/train/phone_crack_phone827.txt,1,train/phone_crack_phone827.jpg,thumbs/train/phone_crack_phone827.jpg
train,images/train/phone_crack_phone849.png,labels/train/phone_crack_phone849.txt,1,train/phone_crack_phone849.jpg,thumbs/train/phone_crack_phone849.jpg
train,images/train/phone_crack_phone859.png,labels/train/phone_crack_phone859.txt,1,train/phone_crack_phone859.jpg,thumbs/train/phone_crack_phone859.jpg
train,images/train/phone_crack_phone871.png,labels/train/phone_crack_phone871.txt,1,train/phone_crack_phone871.jpg,thumbs/train/phone_crack_phone871.jpg
train,images/train/phone_crack_phone991.png,labels/train/phone_crack_phone991.txt,1,train/phone_crack_phone991.jpg,thumbs/train/phone_crack_phone991.jpg
train,images/train/phone_normal_phone002.png,labels/train/phone_normal_phone002.txt,0,train/phone_normal_phone002.jpg,thumbs/train/phone_normal_phone002.jpg
train,images/train/phone_normal_phone022.png,labels/train/phone_normal_phone022.txt,0,train/phone_normal_phone022.jpg,thumbs/train/phone_normal_phone022.jpg
train,images/train/phone_normal_phone034.png,labels/train/phone_normal_phone034.txt,0,train/phone_normal_phone034.jpg,thumbs/train/phone_normal_phone034.jpg
train,images/train/phone_normal_phone056.png,labels/train/phone_normal_phone056.txt,0,train/phone_normal_phone056.jpg,thumbs/train/phone_normal_phone056.jpg
train,images/train/phone_normal_phone068.png,labels/train/phone_normal_phone068.txt,0,train/phone_normal_phone068.jpg,thumbs/train/phone_normal_phone068.jpg
train,images/train/phone_normal_phone070.png,labels/train/phone_normal_phone070.txt,0,train/phone_normal_phone070.jpg,thumbs/train/phone_normal_phone070.jpg
train,images/train/phone_normal_phone100.png,labels/train/phone_normal_phone100.txt,0,train/phone_normal_phone100.jpg,thumbs/train/phone_normal_phone100.jpg
train,images/train/phone_normal_phone136.png,labels/train/phone_normal_phone136.txt,0,train/phone_normal_phone136.jpg,thumbs/train/phone_normal_phone136.jpg
train,images/train/phone_normal_phone138.png,labels/train/phone_normal_phone138.txt,0,train/phone_normal_phone138.jpg,thumbs/train/phone_normal_phone138.jpg
train,images/train/phone_normal_phone160.png,labels/train/phone_normal_phone160.txt,0,train/phone_normal_phone160.jpg,thumbs/train/phone_normal_phone160.jpg
train,images/train/phone_normal_phone171.png,labels/train/phone_normal_phone171.txt,0,train/phone_normal_phone171.jpg,thumbs/train/phone_normal_phone171.jpg
train,images/train/phone_normal_phone180.png,labels/train/phone_normal_phone180.txt,0,train/phone_normal_phone180.jpg,thumbs/train/phone_normal_phone180.jpg
train,images/train/phone_normal_phone189.png,labels/train/phone_normal_phone189.txt,0,train/phone_normal_phone189.jpg,thumbs/train/phone_normal_phone189.jpg
train,images/train/phone_normal_phone209.png,labels/train/phone_normal_phone209.txt,0,train/phone_normal_phone209.jpg,thumbs/train/phone_normal_phone209.jpg
train,images/train/phone_normal_phone219.png,labels/train/phone_normal_phone219.txt,0,train/phone_normal_phone219.jpg,thumbs/train/phone_normal_phone219.jpg
train,images/train/phone_normal_phone239.png,labels/train/phone_normal_phone239.txt,0,train/phone_normal_phone239.jpg,thumbs/train/phone_normal_phone239.jpg
train,images/train/phone_normal_phone247.png,labels/train/phone_normal_phone247.txt,0,train/phone_normal_phone247.jpg,thumbs/train/phone_normal_phone247.jpg
train,images/train/phone_normal_phone269.png,labels/train/phone_normal_phone269.txt,0,train/phone_normal_phone269.jpg,thumbs/train/phone_normal_phone269.jpg
train,images/train/phone_normal_phone281.png,labels/train/phone_normal_phone281.txt,0,train/phone_normal_phone281.jpg,thumbs/train/phone_normal_phone281.jpg
train,images/train/phone_normal_phone293.png,labels/train/phone_normal_phone293.txt,0,train/phone_normal_phone293.jpg,thumbs/train/phone_normal_phone293.jpg
train,images/train/phone_normal_phone301.png,labels/train/phone_normal_phone301.txt,0,train/phone_normal_phone301.jpg,thumbs/train/phone_normal_phone301.jpg
val,images/val/camera_crack_camera052.png,labels/val/camera_crack_camera052.txt,1,val/camera_crack_camera052.jpg,thumbs/val/camera_crack_camera052.jpg
val,images/val/camera_crack_camera059.png,labels/val/camera_crack_camera059.txt,1,val/camera_crack_camera059.jpg,thumbs/val/camera_crack_camera059.jpg
val,images/val/camera_crack_camera064.png,labels/val/camera_crack_camera064.txt,1,val/camera_crack_camera064.jpg,thumbs/val/camera_crack_camera064.jpg
val,images/val/camera_crack_camera065.png,labels/val/camera_crack_camera065.txt,1,val/camera_crack_camera065.jpg,thumbs/val/camera_crack_camera065.jpg
val,images/val/camera_crack_camera076.png,labels/val/camera_crack_camera076.txt,1,val/camera_crack_camera076.jpg,thumbs/val/camera_crack_camera076.jpg
val,images/val/camera_crack_camera095.png,labels/val/camera_crack_camera095.txt,1,val/camera_crack_camera095.jpg,thumbs/val/camera_crack_camera095.jpg
val,images/val/camera_crack_camera109.png,labels/val/camera_crack_camera109.txt,1,val/camera_crack_camera109.jpg,thumbs/val/camera_crack_camera109.jpg
val,images/val/camera_crack_camera119.png,labels/val/camera_crack_camera119.txt,1,val/camera_crack_camera119.jpg,thumbs/val/camera_crack_camera119.jpg
val,images/val/camera_crack_camera126.png,labels/val/camera_crack_camera126.txt,1,val/camera_crack_camera126.jpg,thumbs/val/camera_crack_camera126.jpg
val,images/val/camera_crack_camera135.png,labels/val/camera_crack_camera135.txt,1,val/camera_crack_camera135.jpg,thumbs/val/camera_crack_camera135.jpg
val,images/val/camera_crack_camera139.png,labels/val/camera_crack_camera139.txt,1,val/camera_crack_camera139.jpg,thumbs/val/camera_crack_camera139.jpg
val,images/val/camera_crack_camera146.png,labels/val/camera_crack_camera146.txt,1,val/camera_crack_camera146.jpg,thumbs/val/camera_crack_camera146.jpg
val,images/val/camera_crack_camera161.png,labels/val/camera_crack_camera161.txt,1,val/camera_crack_camera161.jpg,thumbs/val/camera_crack_camera161.jpg
val,images/val/camera_crack_camera164.png,labels/val/camera_crack_camera164.txt,1,val/camera_crack_camera164.jpg,thumbs/val/camera_crack_camera164.jpg
val,images/val/camera_crack_camera166.png,labels/val/camera_crack_camera166.txt,1,val/camera_crack_camera166.jpg,thumbs/val/camera_crack_camera166.jpg
val,images/val/camera_crack_camera185.png,labels/val/camera_crack_camera185.txt,1,val/camera_crack_camera185.jpg,thumbs/val/camera_crack_camera185.jpg
val,images/val/camera_crack_camera188.png,labels/val/camera_crack_camera188.txt,1,val/camera_crack_camera188.jpg,thumbs/val/camera_crack_camera188.jpg
val,images/val/camera_crack_camera191.png,labels/val/camera_crack_camera191.txt,1,val/camera_crack_camera191.jpg,thumbs/val/camera_crack_camera191.jpg
val,images/val/camera_crack_camera193.png,labels/val/camera_crack_camera193.txt,1,val/camera_crack_camera193.jpg,thumbs/val/camera_crack_camera193.jpg
val,images/val/camera_crack_camera214.png,labels/val/camera_crack_camera214.txt,1,val/camera_crack_camera214.jpg,thumbs/val/camera_crack_camera214.jpg
val,images/val/camera_crack_camera233.png,labels/val/camera_crack_camera233.txt,1,val/camera_crack_camera233.jpg,thumbs/val/camera_crack_camera233.jpg
val,images/val/camera_crack_camera258.png,labels/val/camera_crack_camera258.txt,1,val/camera_crack_camera258.jpg,thumbs/val/camera_crack_camera258.jpg
val,images/val/camera_crack_camera267.png,labels/val/camera_crack_camera267.txt,1,val/camera_crack_camera267.jpg,thumbs/val/camera_crack_camera267.jpg
val,images/val/camera_crack_camera274.png,labels/val/camera_crack_camera274.txt,1,val/camera_crack_camera274.jpg,thumbs/val/camera_crack_camera274.jpg
val,images/val/camera_crack_camera275.png,labels/val/camera_crack_camera275.txt,1,val/camera_crack_camera275.jpg,thumbs/val/camera_crack_camera275.jpg
val,images/val/camera_crack_camera280.png,labels/val/camera_crack_camera280.txt,1,val/camera_crack_camera280.jpg,thumbs/val/camera_crack_camera280.jpg
val,images/val/camera_crack_camera281.png,labels/val/camera_crack_camera281.txt,1,val/camera_crack_camera281.jpg,thumbs/val/camera_crack_camera281.jpg
val,images/val/camera_crack_camera283.png,labels/val/camera_crack_camera283.txt,1,val/camera_crack_camera283.jpg,thumbs/val/camera_crack_camera283.jpg
val,images/val/camera_crack_camera285.png,labels/val/camera_crack_camera285.txt,1,val/camera_crack_camera285.jpg,thumbs/val/camera_crack_camera285.jpg
val,images/val/camera_crack_camera288.png,labels/val/camera_crack_camera288.txt,1,val/camera_crack_camera288.jpg,thumbs/val/camera_crack_camera288.jpg
val,images/val/camera_crack_camera294.png,labels/val/camera_crack_camera294.txt,1,val/camera_crack_camera294.jpg,thumbs/val/camera_crack_camera294.jpg
val,images/val/camera_crack_camera296.png,labels/val/camera_crack_camera296.txt,1,val/camera_crack_camera296.jpg,thumbs/val/camera_crack_camera296.jpg
val,images/val/camera_normal_camera002.png,labels/val/camera_normal_camera002.txt,0,val/camera_normal_camera002.jpg,thumbs/val/camera_normal_camera002.jpg
val,images/val/camera_normal_camera019.png,labels/val/camera_normal_camera019.txt,0,val/camera_normal_camera019.jpg,thumbs/val/camera_normal_camera019.jpg
val,images/val/camera_normal_camera068.png,labels/val/camera_normal_camera068.txt,0,val/camera_normal_camera068.jpg,thumbs/val/camera_normal_camera068.jpg
val,images/val/camera_normal_camera072.png,labels/val/camera_normal_camera072.txt,0,val/camera_normal_camera072.jpg,thumbs/val/camera_normal_camera072.jpg
val,images/val/camera_normal_camera073.png,labels/val/camera_normal_camera073.txt,0,val/camera_normal_camera073.jpg,thumbs/val/camera_normal_camera073.jpg
val,images/val/camera_normal_camera092.png,labels/val/camera_normal_camera092.txt,0,val/camera_normal_camera092.jpg,thumbs/val/camera_normal_camera092.jpg
val,images/val/camera_normal_camera114.png,labels/val/camera_normal_camera114.txt,0,val/camera_normal_camera114.jpg,thumbs/val/camera_normal_camera114.jpg
val,images/val/camera_normal_camera118.png,labels/val/camera_normal_camera118.txt,0,val/camera_normal_camera118.jpg,thumbs/val/camera_normal_camera118.jpg
val,images/val/phone_crack_phone203.png,labels/val/phone_crack_phone203.txt,1,val/phone_crack_phone203.jpg,thumbs/val/phone_crack_phone203.jpg
val,images/val/phone_crack_phone231.png,labels/val/phone_crack_phone231.txt,1,val/phone_crack_phone231.jpg,thumbs/val/phone_crack_phone231.jpg
val,images/val/phone_crack_phone261.png,labels/val/phone_crack_phone261.txt,1,val/phone_crack_phone261.jpg,thumbs/val/phone_crack_phone261.jpg
val,images/val/phone_crack_phone305.png,labels/val/phone_crack_phone305.txt,1,val/phone_crack_phone305.jpg,thumbs/val/phone_crack_phone305.jpg
val,images/val/phone_crack_phone357.png,labels/val/phone_crack_phone357.txt,1,val/phone_crack_phone357.jpg,thumbs/val/phone_crack_phone357.jpg
val,images/val/phone_crack_phone367.png,labels/val/phone_crack_phone367.txt,1,val/phone_crack_phone367.jpg,thumbs/val/phone_crack_phone367.jpg
val,images/val/phone_crack_phone444.png,labels/val/phone_crack_phone444.txt,1,val/phone_crack_phone444.jpg,thumbs/val/phone_crack_phone444.jpg
val,images/val/phone_crack_phone480.png,labels/val/phone_crack_phone480.txt,1,val/phone_crack_phone480.jpg,thumbs/val/phone_crack_phone480.jpg
val,images/val/phone_crack_phone562.png,labels/val/phone_crack_phone562.txt,1,val/phone_crack_phone562.jpg,thumbs/val/phone_crack_phone562.jpg
val,images/val/phone_crack_phone584.png,labels/val/phone_crack_phone584.txt,1,val/phone_crack_phone584.jpg,thumbs/val/phone_crack_phone584.jpg
val,images/val/phone_crack_phone618.png,labels/val/phone_crack_phone618.txt,1,val/phone_crack_phone618.jpg,thumbs/val/phone_crack_phone618.jpg
val,images/val/phone_crack_phone626.png,labels/val/phone_crack_phone626.txt,1,val/phone_crack_phone626.jpg,thumbs/val/phone_crack_phone626.jpg
val,images/val/phone_crack_phone684.png,labels/val/phone_crack_phone684.txt,1,val/phone_crack_phone684.jpg,thumbs/val/phone_crack_phone684.jpg
val,images/val/phone_crack_phone696.png,labels/val/phone_crack_phone696.txt,1,val/phone_crack_phone696.jpg,thumbs/val/phone_crack_phone696.jpg
val,images/val/phone_crack_phone704.png,labels/val/phone_crack_phone704.txt,1,val/phone_crack_phone704.jpg,thumbs/val/phone_crack_phone704.jpg
val,images/val/phone_crack_phone714.png,labels/val/phone_crack_phone714.txt,1,val/phone_crack_phone714.jpg,thumbs/val/phone_crack_phone714.jpg
val,images/val/phone_crack_phone724.png,labels/val/phone_crack_phone724.txt,1,val/phone_crack_phone724.jpg,thumbs/val/phone_crack_phone724.jpg
val,images/val/phone_crack_phone819.png,labels/val/phone_crack_phone819.txt,1,val/phone_crack_phone819.jpg,thumbs/val/phone_crack_phone819.jpg
val,images/val/phone_crack_phone861.png,labels/val/phone_crack_phone861.txt,1,val/phone_crack_phone861.jpg,thumbs/val/phone_crack_phone861.jpg
val,images/val/phone_crack_phone919.png,labels/val/phone_crack_phone919.txt,1,val/phone_crack_phone919.jpg,thumbs/val/phone_crack_phone919.jpg
val,images/val/phone_crack_phone935.png,labels/val/phone_crack_phone935.txt,1,val/phone_crack_phone935.jpg,thumbs/val/phone_crack_phone935.jpg
val,images/val/phone_crack_phone959.png,labels/val/phone_crack_phone959.txt,1,val/phone_crack_phone959.jpg,thumbs/val/phone_crack_phone959.jpg
val,images/val/phone_normal_phone044.png,labels/val/phone_normal_phone044.txt,0,val/phone_normal_phone044.jpg,thumbs/val/phone_normal_phone044.jpg
val,images/val/phone_normal_phone082.png,labels/val/phone_normal_phone082.txt,0,val/phone_normal_phone082.jpg,thumbs/val/phone_normal_phone082.jpg
val,images/val/phone_normal_phone090.png,labels/val/phone_normal_phone090.txt,0,val/phone_normal_phone090.jpg,thumbs/val/phone_normal_phone090.jpg
val,images/val/phone_normal_phone146.png,labels/val/phone_normal_phone146.txt,0,val/phone_normal_phone146.jpg,thumbs/val/phone_normal_phone146.jpg
val,images/val/phone_normal_phone199.png,labels/val/phone_normal_phone199.txt,0,val/phone_normal_phone199.jpg,thumbs/val/phone_normal_phone199.jpg
val,images/val/phone_normal_phone211.png,labels/val/phone_normal_phone211.txt,0,val/phone_normal_phone211.jpg,thumbs/val/phone_normal_phone211.jpg
val,images/val/phone_normal_phone259.png,labels/val/phone_normal_phone259.txt,0,val/phone_normal_phone259.jpg,thumbs/val/phone_normal_phone259.jpg
val,images/val/phone_normal_phone291.png,labels/val/phone_normal_phone291.txt,0,val/phone_normal_phone291.jpg,thumbs/val/phone_normal_phone291.jpg
test,images/test/camera_crack_camera007.png,labels/test/camera_crack_camera007.txt,1,test/camera_crack_camera007.jpg,thumbs/test/camera_crack_camera007.jpg
test,images/test/camera_crack_camera014.png,labels/test/camera_crack_camera014.txt,1,test/camera_crack_camera014.jpg,thumbs/test/camera_crack_camera014.jpg
test,images/test/camera_crack_camera017.png,labels/test/camera_crack_camera017.txt,1,test/camera_crack_camera017.jpg,thumbs/test/camera_crack_camera017.jpg
test,images/test/camera_crack_camera024.png,labels/test/camera_crack_camera024.txt,1,test/camera_crack_camera024.jpg,thumbs/test/camera_crack_camera024.jpg
test,images/test/camera_crack_camera025.png,labels/test/camera_crack_camera025.txt,1,test/camera_crack_camera025.jpg,thumbs/test/camera_crack_camera025.jpg
test,images/test/camera_crack_camera037.png,labels/test/camera_crack_camera037.txt,1,test/camera_crack_camera037.jpg,thumbs/test/camera_crack_camera037.jpg
test,images/test/camera_crack_camera071.png,labels/test/camera_crack_camera071.txt,1,test/camera_crack_camera071.jpg,thumbs/test/camera_crack_camera071.jpg
test,images/test/camera_crack_camera075.png,labels/test/camera_crack_camera075.txt,1,test/camera_crack_camera075.jpg,thumbs/test/camera_crack_camera075.jpg
test,images/test/camera_crack_camera078.png,labels/test/camera_crack_camera078.txt,1,test/camera_crack_camera078.jpg,thumbs/test/camera_crack_camera078.jpg
test,images/test/camera_crack_camera107.png,labels/test/camera_crack_camera107.txt,1,test/camera_crack_camera107.jpg,thumbs/test/camera_crack_camera107.jpg
test,images/test/camera_crack_camera116.png,labels/test/camera_crack_camera116.txt,1,test/camera_crack_camera116.jpg,thumbs/test/camera_crack_camera116.jpg
test,images/test/camera_crack_camera121.png,labels/test/camera_crack_camera121.txt,1,test/camera_crack_camera121.jpg,thumbs/test/camera_crack_camera121.jpg
test,images/test/camera_crack_camera123.png,labels/test/camera_crack_camera123.txt,1,test/camera_crack_camera123.jpg,thumbs/test/camera_crack_camera123.jpg
test,images/test/camera_crack_camera138.png,labels/test/camera_crack_camera138.txt,1,test/camera_crack_camera138.jpg,thumbs/test/camera_crack_camera138.jpg
test,images/test/camera_crack_camera142.png,labels/test/camera_crack_camera142.txt,1,test/camera_crack_camera142.jpg,thumbs/test/camera_crack_camera142.jpg
test,images/test/camera_crack_camera225.png,labels/test/camera_crack_camera225.txt,1,test/camera_crack_camera225.jpg,thumbs/test/camera_crack_camera225.jpg
test,images/test/camera_crack_camera227.png,labels/test/camera_crack_camera227.txt,1,test/camera_crack_camera227.jpg,thumbs/test/camera_crack_camera227.jpg
test,images/test/camera_crack_camera238.png,labels/test/camera_crack_camera238.txt,1,test/camera_crack_camera238.jpg,thumbs/test/camera_crack_camera238.jpg
test,images/test/camera_crack_camera240.png,labels/test/camera_crack_camera240.txt,1,test/camera_crack_camera240.jpg,thumbs/test/camera_crack_camera240.jpg
test,images/test/camera_crack_camera256.png,labels/test/camera_crack_camera256.txt,1,test/camera_crack_camera256.jpg,thumbs/test/camera_crack_camera256.jpg
test,images/test/camera_crack_camera260.png,labels/test/camera_crack_camera260.txt,1,test/camera_crack_camera260.jpg,thumbs/test/camera_crack_camera260.jpg
test,images/test/camera_crack_camera263.png,labels/test/camera_crack_camera263.txt,1,test/camera_crack_camera263.jpg,thumbs/test/camera_crack_camera263.jpg
test,images/test/camera_crack_camera264.png,labels/test/camera_crack_camera264.txt,1,test/camera_crack_camera264.jpg,thumbs/test/camera_crack_camera264.jpg
test,images/test/camera_crack_camera265.png,labels/test/camera_crack_camera265.txt,1,test/camera_crack_camera265.jpg,thumbs/test/camera_crack_camera265.jpg
test,images/test/camera_crack_camera269.png,labels/test/camera_crack_camera269.txt,1,test/camera_crack_camera269.jpg,thumbs/test/camera_crack_camera269.jpg
test,images/test/camera_crack_camera277.png,labels/test/camera_crack_camera277.txt,1,test/camera_crack_camera277.jpg,thumbs/test/camera_crack_camera277.jpg
test,images/test/camera_crack_camera297.png,labels/test/camera_crack_camera297.txt,1,test/camera_crack_camera297.jpg,thumbs/test/camera_crack_camera297.jpg
test,images/test/camera_crack_camera298.png,labels/test/camera_crack_camera298.txt,1,test/camera_crack_camera298.jpg,thumbs/test/camera_crack_camera298.jpg
test,images/test/camera_crack_camera300.png,labels/test/camera_crack_camera300.txt,1,test/camera_crack_camera300.jpg,thumbs/test/camera_crack_camera300.jpg
test,images/test/camera_crack_camera301.png,labels/test/camera_crack_camera301.txt,1,test/camera_crack_camera301.jpg,thumbs/test/camera_crack_camera301.jpg
test,images/test/camera_crack_camera303.png,labels/test/camera_crack_camera303.txt,1,test/camera_crack_camera303.jpg,thumbs/test/camera_crack_camera303.jpg
test,images/test/camera_normal_camera023.png,labels/test/camera_normal_camera023.txt,0,test/camera_normal_camera023.jpg,thumbs/test/camera_normal_camera023.jpg
test,images/test/camera_normal_camera035.png,labels/test/camera_normal_camera035.txt,0,test/camera_normal_camera035.jpg,thumbs/test/camera_normal_camera035.jpg
test,images/test/camera_normal_camera039.png,labels/test/camera_normal_camera039.txt,0,test/camera_normal_camera039.jpg,thumbs/test/camera_normal_camera039.jpg
test,images/test/camera_normal_camera054.png,labels/test/camera_normal_camera054.txt,0,test/camera_normal_camera054.jpg,thumbs/test/camera_normal_camera054.jpg
test,images/test/camera_normal_camera090.png,labels/test/camera_normal_camera090.txt,0,test/camera_normal_camera090.jpg,thumbs/test/camera_normal_camera090.jpg
test,images/test/camera_normal_camera091.png,labels/test/camera_normal_camera091.txt,0,test/camera_normal_camera091.jpg,thumbs/test/camera_normal_camera091.jpg
test,images/test/camera_normal_camera104.png,labels/test/camera_normal_camera104.txt,0,test/camera_normal_camera104.jpg,thumbs/test/camera_normal_camera104.jpg
test,images/test/camera_normal_camera117.png,labels/test/camera_normal_camera117.txt,0,test/camera_normal_camera117.jpg,thumbs/test/camera_normal_camera117.jpg
test,images/test/phone_crack_phone016.png,labels/test/phone_crack_phone016.txt,1,test/phone_crack_phone016.jpg,thumbs/test/phone_crack_phone016.jpg
test,images/test/phone_crack_phone038.png,labels/test/phone_crack_phone038.txt,1,test/phone_crack_phone038.jpg,thumbs/test/phone_crack_phone038.jpg
test,images/test/phone_crack_phone094.png,labels/test/phone_crack_phone094.txt,1,test/phone_crack_phone094.jpg,thumbs/test/phone_crack_phone094.jpg
test,images/test/phone_crack_phone140.png,labels/test/phone_crack_phone140.txt,1,test/phone_crack_phone140.jpg,thumbs/test/phone_crack_phone140.jpg
test,images/test/phone_crack_phone379.png,labels/test/phone_crack_phone379.txt,1,test/phone_crack_phone379.jpg,thumbs/test/phone_crack_phone379.jpg
test,images/test/phone_crack_phone442.png,labels/test/phone_crack_phone442.txt,1,test/phone_crack_phone442.jpg,thumbs/test/phone_crack_phone442.jpg
test,images/test/phone_crack_phone486.png,labels/test/phone_crack_phone486.txt,1,test/phone_crack_phone486.jpg,thumbs/test/phone_crack_phone486.jpg
test,images/test/phone_crack_phone490.png,labels/test/phone_crack_phone490.txt,1,test/phone_crack_phone490.jpg,thumbs/test/phone_crack_phone490.jpg
test,images/test/phone_crack_phone496.png,labels/test/phone_crack_phone496.txt,1,test/phone_crack_phone496.jpg,thumbs/test/phone_crack_phone496.jpg
test,images/test/phone_crack_phone516.png,labels/test/phone_crack_phone516.txt,1,test/phone_crack_phone516.jpg,thumbs/test/phone_crack_phone516.jpg
test,images/test/phone_crack_phone526.png,labels/test/phone_crack_phone526.txt,1,test/phone_crack_phone526.jpg,thumbs/test/phone_crack_phone526.jpg
test,images/test/phone_crack_phone544.png,labels/test/phone_crack_phone544.txt,1,test/phone_crack_phone544.jpg,thumbs/test/phone_crack_phone544.jpg
test,images/test/phone_crack_phone716.png,labels/test/phone_crack_phone716.txt,1,test/phone_crack_phone716.jpg,thumbs/test/phone_crack_phone716.jpg
test,images/test/phone_crack_phone742.png,labels/test/phone_crack_phone742.txt,1,test/phone_crack_phone742.jpg,thumbs/test/phone_crack_phone742.jpg
test,images/test/phone_crack_phone752.png,labels/test/phone_crack_phone752.txt,1,test/phone_crack_phone752.jpg,thumbs/test/phone_crack_phone752.jpg
test,images/test/phone_crack_phone869.png,labels/test/phone_crack_phone869.txt,1,test/phone_crack_phone869.jpg,thumbs/test/phone_crack_phone869.jpg
test,images/test/phone_crack_phone879.png,labels/test/phone_crack_phone879.txt,1,test/phone_crack_phone879.jpg,thumbs/test/phone_crack_phone879.jpg
test,images/test/phone_crack_phone891.png,labels/test/phone_crack_phone891.txt,1,test/phone_crack_phone891.jpg,thumbs/test/phone_crack_phone891.jpg
test,images/test/phone_crack_phone903.png,labels/test/phone_crack_phone903.txt,1,test/phone_crack_phone903.jpg,thumbs/test/phone_crack_phone903.jpg
test,images/test/phone_crack_phone951.png,labels/test/phone_crack_phone951.txt,1,test/phone_crack_phone951.jpg,thumbs/test/phone_crack_phone951.jpg
test,images/test/phone_crack_phone973.png,labels/test/phone_crack_phone973.txt,1,test/phone_crack_phone973.jpg,thumbs/test/phone_crack_phone973.jpg
test,images/test/phone_normal_phone080.png,labels/test/phone_normal_phone080.txt,0,test/phone_normal_phone080.jpg,thumbs/test/phone_normal_phone080.jpg
test,images/test/phone_normal_phone124.png,labels/test/phone_normal_phone124.txt,0,test/phone_normal_phone124.jpg,thumbs/test/phone_normal_phone124.jpg
test,images/test/phone_normal_phone148.png,labels/test/phone_normal_phone148.txt,0,test/phone_normal_phone148.jpg,thumbs/test/phone_normal_phone148.jpg
test,images/test/phone_normal_phone162.png,labels/test/phone_normal_phone162.txt,0,test/phone_normal_phone162.jpg,thumbs/test/phone_normal_phone162.jpg
test,images/test/phone_normal_phone191.png,labels/test/phone_normal_phone191.txt,0,test/phone_normal_phone191.jpg,thumbs/test/phone_normal_phone191.jpg
test,images/test/phone_normal_phone227.png,labels/test/phone_normal_phone227.txt,0,test/phone_normal_phone227.jpg,thumbs/test/phone_normal_phone227.jpg
test,images/test/phone_normal_phone256.png,labels/test/phone_normal_phone256.txt,0,test/phone_normal_phone256.jpg,thumbs/test/phone_normal_phone256.jpg
